,clicks,relative time,label
MC,1,392,mayank
MC,1,160,mayank
MC,1,200,mayank
MC,1,160,mayank
MC,1,151,mayank
MC,1,151,mayank
MC,1,104,mayank
MC,1,201,mayank
MC,1,176,mayank
MC,1,152,mayank
MC,1,0,mayank
MC,1,144,mayank
MC,1,136,mayank
MC,1,152,mayank
MC,1,192,mayank
MC,1,136,mayank
MC,1,160,mayank
MC,1,144,mayank
MC,1,168,mayank
MC,1,192,mayank
MC,1,127,mayank
MC,1,225,mayank
MC,1,89,mayank
MC,1,144,mayank
MC,1,183,mayank
MC,1,151,mayank
MC,1,192,mayank
MC,1,288,mayank
MC,1,144,mayank
MC,1,112,mayank
MC,1,152,mayank
MC,1,192,mayank
MC,1,104,mayank
MC,1,176,mayank
MC,1,248,mayank
MC,1,152,mayank
MC,1,184,mayank
MC,1,336,mayank
MC,1,192,mayank
MC,1,136,mayank
MC,1,120,mayank
MC,1,232,mayank
MC,1,424,mayank
MC,1,264,mayank
MC,1,264,mayank
MC,1,168,mayank
MC,1,184,mayank
MC,1,121,mayank
MC,1,96,mayank
MC,1,145,mayank
MC,1,128,mayank
MC,1,151,mayank
MC,1,104,mayank
MC,1,296,mayank
MC,2,192,mayank
MC,1,96,mayank
MC,1,160,mayank
MC,1,120,mayank
MC,1,336,mayank
MC,1,152,mayank
MC,1,168,mayank
MC,1,176,mayank
MC,1,248,mayank
MC,1,224,mayank
MC,1,128,mayank
MC,1,176,mayank
MC,1,160,mayank
MC,1,120,mayank
MC,1,144,mayank
MC,1,136,mayank
MC,1,168,mayank
MC,1,96,mayank
MC,1,144,mayank
MC,1,161,mayank
MC,1,127,mayank
MC,1,0,mayank
MC,1,128,mayank
MC,1,120,mayank
MC,1,128,mayank
MC,1,128,mayank
MC,1,152,mayank
MC,1,168,mayank
MC,1,103,mayank
MC,1,112,mayank
MC,1,152,mayank
MC,1,240,mayank
MC,1,120,mayank
MC,1,112,mayank
MC,1,280,mayank
MC,2,184,mayank
MC,1,137,mayank
MC,1,152,mayank
MC,1,0,mayank
MC,1,176,mayank
MC,1,161,mayank
MC,1,153,mayank
MC,1,129,mayank
MC,1,143,mayank
MC,1,200,mayank
MC,1,160,mayank
MC,1,200,mayank
MC,1,128,mayank
MC,1,160,mayank
MC,1,232,mayank
MC,1,152,mayank
MC,1,184,mayank
MC,2,248,mayank
MC,1,265,mayank
MC,1,208,mayank
MC,1,216,mayank
MC,1,152,mayank
MC,1,88,mayank
MC,1,135,mayank
MC,1,151,mayank
MC,1,152,mayank
MC,1,96,mayank
MC,1,129,mayank
MC,1,120,mayank
MC,1,96,mayank
MC,1,0,mayank
MC,1,168,mayank
MC,1,160,mayank
MC,1,135,mayank
MC,1,168,mayank
MC,2,287,mayank
MC,1,144,mayank
MC,1,176,mayank
MC,1,0,mayank
MC,1,112,mayank
MC,1,128,mayank
MC,1,128,mayank
MC,1,112,mayank
MC,1,1,mayank
MC,1,128,mayank
MC,1,119,mayank
MC,1,169,mayank
MC,1,176,mayank
MC,1,128,mayank
MC,1,159,mayank
MC,1,0,mayank
MC,1,128,mayank
MC,1,144,mayank
MC,1,184,mayank
MC,1,152,mayank
MC,1,120,mayank
MC,1,111,mayank
MC,1,184,mayank
MC,1,199,mayank
MC,1,216,mayank
MC,1,231,mayank
MC,1,159,mayank
MC,1,152,mayank
MC,1,590,mayank
MC,1,95,mayank
MC,1,176,mayank
MC,1,136,mayank
MC,1,167,mayank
MC,1,0,mayank
MC,1,136,mayank
MC,1,128,mayank
MC,1,136,mayank
MC,2,176,mayank
MC,1,144,mayank
MC,1,480,mayank
MC,1,127,mayank
MC,1,0,mayank
MC,1,143,mayank
MC,1,183,mayank
MC,1,128,mayank
MC,1,143,mayank
MC,1,224,mayank
MC,1,215,mayank
MC,1,144,mayank
MC,1,223,mayank
MC,1,201,mayank
MC,1,184,mayank
MC,1,192,mayank
MC,1,168,mayank
MC,1,96,mayank
MC,1,208,mayank
MC,1,128,mayank
MC,1,136,mayank
MC,1,175,mayank
MC,1,152,mayank
MC,1,144,mayank
MC,1,129,mayank
MC,1,88,mayank
MC,1,168,mayank
MC,1,128,mayank
MC,1,488,mayank
MC,1,216,mayank
MC,1,160,mayank
MC,1,192,mayank
MC,1,176,mayank
MC,1,144,mayank
MC,1,136,mayank
MC,1,224,mayank
MC,1,136,mayank
MC,1,224,mayank
MC,1,161,mayank
MC,1,169,mayank
MC,1,152,mayank
MC,1,208,mayank
MC,1,120,mayank
MC,1,160,mayank
MC,1,153,mayank
MC,1,208,mayank
MC,1,136,mayank
MC,1,128,mayank
MC,1,192,mayank
MC,1,144,mayank
MC,1,128,mayank
MC,1,128,mayank
MC,1,216,mayank
MC,1,112,mayank
MC,1,208,mayank
MC,1,136,mayank
MC,1,264,mayank
MC,1,152,mayank
MC,1,208,mayank
MC,1,136,mayank
MC,1,208,mayank
MC,1,169,mayank
MC,1,191,mayank
MC,1,129,mayank
MC,1,145,mayank
MC,1,128,mayank
MC,1,152,mayank
MC,1,241,mayank
MC,1,136,mayank
MC,1,168,mayank
MC,1,152,mayank
MC,1,216,mayank
MC,1,184,mayank
MC,2,280,mayank
MC,3,192,mayank
MC,1,152,mayank
MC,1,136,mayank
MC,1,176,mayank
MC,1,0,mayank
MC,1,105,mayank
MC,1,184,mayank
MC,1,128,mayank
MC,1,160,mayank
MC,1,136,mayank
MC,1,144,mayank
MC,1,144,mayank
MC,1,240,mayank
MC,1,124,mayank
MC,1,128,mayank
MC,1,112,mayank
MC,1,129,mayank
MC,1,0,mayank
MC,1,402,mayank
MC,1,304,mayank
MC,1,281,mayank
MC,1,184,mayank
MC,1,96,mayank
MC,1,184,mayank
MC,1,144,mayank
MC,1,200,mayank
MC,1,88,mayank
MC,1,224,mayank
MC,1,104,mayank
MC,1,152,mayank
MC,1,208,mayank
MC,1,176,mayank
MC,1,168,mayank
MC,1,168,mayank
MC,1,96,mayank
MC,1,144,mayank
MC,1,137,mayank
MC,1,153,mayank
MC,1,128,mayank
MC,1,152,mayank
MC,1,136,mayank
MC,1,136,mayank
MC,1,153,mayank
MC,1,184,mayank
MC,1,160,mayank
MC,1,216,mayank
MC,1,160,mayank
MC,1,136,mayank
MC,1,168,mayank
MC,1,184,mayank
MC,1,120,mayank
MC,1,128,mayank
MC,1,120,mayank
MC,1,200,mayank
MC,2,168,mayank
MC,3,160,mayank
MC,1,152,mayank
MC,1,104,mayank
MC,1,168,mayank
MC,1,71,mayank
MC,1,193,mayank
MC,1,119,mayank
MC,1,152,mayank
MC,1,144,mayank
MC,1,231,mayank
MC,1,0,mayank
MC,1,175,mayank
MC,1,209,mayank
MC,1,199,mayank
MC,1,100,mayank
MC,1,113,mayank
MC,1,177,mayank
MC,1,134,mayank
MC,1,311,mayank
MC,2,161,mayank
MC,1,217,mayank
MC,1,99,mayank
MC,1,146,mayank
MC,1,119,mayank
MC,1,176,mayank
MC,1,216,mayank
MC,1,199,mayank
MC,1,181,mayank
MC,1,135,mayank
MC,1,80,mayank
MC,1,127,mayank
MC,1,185,mayank
MC,1,174,mayank
MC,1,140,mayank
MC,1,118,mayank
MC,1,97,mayank
MC,1,136,mayank
MC,1,119,mayank
MC,1,144,mayank
MC,1,144,mayank
MC,1,208,mayank
MC,1,143,mayank
MC,1,192,mayank
MC,1,217,mayank
MC,1,201,mayank
MC,1,127,mayank
MC,1,240,mayank
MC,1,128,mayank
MC,1,234,mayank
MC,1,128,mayank
MC,1,0,mayank
MC,1,183,mayank
MC,1,161,mayank
MC,1,192,mayank
MC,1,153,mayank
MC,1,129,mayank
MC,1,240,mayank
MC,1,185,mayank
MC,1,128,mayank
MC,1,248,mayank
MC,1,168,mayank
MC,1,175,mayank
MC,1,463,mayank
MC,1,280,mayank
MC,1,112,mayank
MC,1,161,mayank
MC,1,129,mayank
MC,1,384,mayank
MC,1,312,mayank
MC,1,0,mayank
MC,1,248,mayank
MC,1,159,mayank
MC,1,2,mayank
MC,1,178,mayank
MC,1,111,mayank
MC,1,73,mayank
MC,1,128,mayank
MC,1,208,mayank
MC,1,175,mayank
MC,1,127,mayank
MC,1,113,mayank
MC,1,176,mayank
MC,1,127,mayank
MC,1,168,mayank
MC,1,128,mayank
MC,1,136,mayank
MC,1,105,mayank
MC,1,136,mayank
MC,1,144,mayank
MC,1,104,mayank
MC,1,119,mayank
MC,1,209,mayank
MC,1,88,mayank
MC,1,112,mayank
MC,1,103,mayank
MC,1,80,mayank
MC,1,113,mayank
MC,1,112,mayank
MC,1,314,mayank
MC,1,232,mayank
MC,1,232,mayank
MC,1,264,mayank
MC,1,96,mayank
MC,1,232,mayank
MC,1,160,mayank
MC,1,200,mayank
MC,1,175,mayank
MC,1,184,mayank
MC,1,169,mayank
MC,2,175,mayank
MC,3,177,mayank
MC,1,136,mayank
MC,1,137,mayank
MC,1,151,mayank
MC,1,132,mayank
MC,1,159,mayank
MC,1,490,tejas
MC,1,442,tejas
MC,1,401,tejas
MC,1,369,tejas
MC,1,441,tejas
MC,1,449,tejas
MC,1,370,tejas
MC,1,350,tejas
MC,1,370,tejas
MC,1,362,tejas
MC,1,402,tejas
MC,1,463,tejas
MC,1,362,tejas
MC,1,381,tejas
MC,1,450,tejas
MC,1,381,tejas
MC,1,372,tejas
MC,1,371,tejas
MC,1,410,tejas
MC,1,391,tejas
MC,1,430,tejas
MC,1,390,tejas
MC,1,381,tejas
MC,1,381,tejas
MC,1,349,tejas
MC,1,362,tejas
MC,1,389,tejas
MC,1,391,tejas
MC,1,381,tejas
MC,1,411,tejas
MC,1,401,tejas
MC,1,362,tejas
MC,1,351,tejas
MC,1,410,tejas
MC,1,372,tejas
MC,1,389,tejas
MC,1,401,tejas
MC,1,372,tejas
MC,1,382,tejas
MC,1,421,tejas
MC,1,352,tejas
MC,1,370,tejas
MC,1,400,tejas
MC,1,381,tejas
MC,1,402,tejas
MC,1,353,tejas
MC,1,351,tejas
MC,1,663,tejas
MC,1,472,tejas
MC,1,372,tejas
MC,1,369,tejas
MC,1,522,tejas
MC,1,351,tejas
MC,1,381,tejas
MC,1,420,tejas
MC,1,380,tejas
MC,1,368,tejas
MC,1,370,tejas
MC,1,1308,tejas
MC,1,360,tejas
MC,1,352,tejas
MC,1,389,tejas
MC,1,361,tejas
MC,1,393,tejas
MC,1,362,tejas
MC,1,361,tejas
MC,1,359,tejas
MC,1,383,tejas
MC,1,420,tejas
MC,1,371,tejas
MC,1,1307,tejas
MC,1,382,tejas
MC,1,391,tejas
MC,1,351,tejas
MC,1,623,tejas
MC,1,452,tejas
MC,1,380,tejas
MC,1,342,tejas
MC,1,371,tejas
MC,1,370,tejas
MC,1,558,tejas
MC,1,390,tejas
MC,1,369,tejas
MC,1,371,tejas
MC,1,362,tejas
MC,1,382,tejas
MC,1,351,tejas
MC,1,633,tejas
MC,1,380,tejas
MC,1,360,tejas
MC,1,325,tejas
MC,1,361,tejas
MC,1,351,tejas
MC,1,371,tejas
MC,1,321,tejas
MC,1,441,tejas
MC,1,381,tejas
MC,1,380,tejas
MC,1,357,tejas
MC,1,359,tejas
MC,1,351,tejas
MC,1,400,tejas
MC,1,380,tejas
MC,1,371,tejas
MC,1,340,tejas
MC,1,373,tejas
MC,1,360,tejas
MC,1,361,tejas
MC,1,380,tejas
MC,1,323,tejas
MC,1,390,tejas
MC,1,473,tejas
MC,1,380,tejas
MC,1,381,tejas
MC,1,371,tejas
MC,1,372,tejas
MC,1,370,tejas
MC,1,381,tejas
MC,1,441,tejas
MC,1,373,tejas
MC,1,370,tejas
MC,1,381,tejas
MC,1,381,tejas
MC,1,380,tejas
MC,1,353,tejas
MC,1,372,tejas
MC,1,370,tejas
MC,1,470,tejas
MC,1,716,tejas
MC,1,370,tejas
MC,1,1408,tejas
MC,1,380,tejas
MC,1,371,tejas
MC,1,732,tejas
MC,1,431,tejas
MC,1,402,tejas
MC,1,370,tejas
MC,1,410,tejas
MC,1,362,tejas
MC,1,380,tejas
MC,1,391,tejas
MC,1,362,tejas
MC,1,381,tejas
MC,1,382,tejas
MC,1,1519,tejas
MC,1,352,tejas
MC,1,353,tejas
MC,1,400,tejas
MC,1,380,tejas
MC,1,401,tejas
MC,1,1640,tejas
MC,1,370,tejas
MC,1,382,tejas
MC,1,363,tejas
MC,1,380,tejas
MC,1,370,tejas
MC,1,392,tejas
MC,1,371,tejas
MC,1,459,tejas
MC,1,353,tejas
MC,1,370,tejas
MC,1,390,tejas
MC,1,357,tejas
MC,1,392,tejas
MC,1,361,tejas
MC,1,362,tejas
MC,1,440,tejas
MC,1,430,tejas
MC,1,373,tejas
MC,1,815,tejas
MC,1,371,tejas
MC,1,372,tejas
MC,1,421,tejas
MC,1,622,tejas
MC,1,372,tejas
MC,1,363,tejas
MC,1,382,tejas
MC,1,480,tejas
MC,1,370,tejas
MC,1,351,tejas
MC,1,380,tejas
MC,1,380,tejas
MC,1,380,tejas
MC,1,350,tejas
MC,1,350,tejas
MC,1,411,tejas
MC,1,361,tejas
MC,1,400,tejas
MC,1,432,tejas
MC,1,372,tejas
MC,1,390,tejas
MC,1,532,tejas
MC,1,380,tejas
MC,1,370,tejas
MC,1,401,tejas
MC,1,1620,tejas
MC,1,380,tejas
MC,1,381,tejas
MC,1,370,tejas
MC,1,403,tejas
MC,1,390,tejas
MC,1,520,tejas
MC,1,370,tejas
MC,1,369,tejas
MC,1,382,tejas
MC,1,371,tejas
MC,1,410,tejas
MC,1,380,tejas
MC,1,341,tejas
MC,1,379,tejas
MC,1,371,tejas
MC,1,380,tejas
MC,1,391,tejas
MC,1,390,tejas
MC,1,360,tejas
MC,1,390,tejas
MC,1,420,tejas
MC,1,371,tejas
MC,1,706,tejas
MC,1,439,tejas
MC,1,420,tejas
MC,1,401,tejas
MC,1,371,tejas
MC,1,341,tejas
MC,1,430,tejas
MC,1,382,tejas
MC,1,411,tejas
MC,1,409,tejas
MC,1,379,tejas
MC,1,410,tejas
MC,1,360,tejas
MC,1,421,tejas
MC,1,379,tejas
MC,1,358,tejas
MC,1,352,tejas
MC,1,409,tejas
MC,1,461,tejas
MC,1,341,tejas
MC,1,379,tejas
MC,1,371,tejas
MC,1,382,tejas
MC,1,471,tejas
MC,1,378,tejas
MC,1,420,tejas
MC,1,380,tejas
MC,1,390,tejas
MC,1,372,tejas
MC,1,362,tejas
MC,1,440,tejas
MC,1,1450,tejas
MC,1,342,tejas
MC,1,359,tejas
MC,1,410,tejas
MC,1,602,tejas
MC,1,421,tejas
MC,1,383,tejas
MC,1,370,tejas
MC,1,382,tejas
MC,1,371,tejas
MC,1,372,tejas
MC,1,429,tejas
MC,1,593,tejas
MC,1,430,tejas
MC,1,380,tejas
MC,1,390,tejas
MC,1,399,tejas
MC,1,400,tejas
MC,1,399,tejas
MC,1,361,tejas
MC,1,379,tejas
MC,1,399,tejas
MC,1,362,tejas
MC,1,383,tejas
MC,1,431,tejas
MC,1,350,tejas
MC,1,371,tejas
MC,1,390,tejas
MC,1,331,tejas
MC,1,370,tejas
MC,1,371,tejas
MC,1,372,tejas
MC,1,369,tejas
MC,1,441,tejas
MC,1,1189,tejas
MC,1,382,tejas
MC,1,342,tejas
MC,1,368,tejas
MC,1,449,tejas
MC,1,368,tejas
MC,1,351,tejas
MC,1,391,tejas
MC,1,388,tejas
MC,1,389,tejas
MC,1,400,tejas
MC,1,391,tejas
MC,1,351,tejas
MC,1,362,tejas
MC,1,381,tejas
MC,1,359,tejas
MC,1,391,tejas
MC,1,381,tejas
MC,1,380,tejas
MC,1,380,tejas
MC,1,488,tejas
MC,1,400,tejas
MC,1,341,tejas
MC,1,390,tejas
MC,1,359,tejas
MC,1,389,tejas
MC,1,379,tejas
MC,1,354,tejas
MC,1,389,tejas
MC,1,380,tejas
MC,1,371,tejas
MC,1,400,tejas
MC,1,390,tejas
MC,1,362,tejas
MC,1,359,tejas
MC,1,401,tejas
MC,1,379,tejas
MC,1,351,tejas
MC,1,391,tejas
MC,1,369,tejas
MC,1,470,tejas
MC,1,603,tejas
MC,1,372,tejas
MC,1,370,tejas
MC,1,390,tejas
MC,1,349,tejas
MC,1,381,tejas
MC,1,389,tejas
MC,1,370,tejas
MC,1,380,tejas
MC,1,371,tejas
MC,1,370,tejas
MC,1,351,tejas
MC,1,370,tejas
MC,1,353,tejas
MC,1,370,tejas
MC,1,400,tejas
MC,1,381,tejas
MC,1,401,tejas
MC,1,380,tejas
MC,1,313,tejas
MC,1,353,tejas
MC,1,1228,tejas
MC,1,332,tejas
MC,1,352,tejas
MC,1,352,tejas
MC,1,351,tejas
MC,1,361,tejas
MC,1,381,tejas
MC,1,359,tejas
MC,1,330,tejas
MC,1,411,tejas
MC,1,381,tejas
MC,1,374,tejas
MC,1,391,tejas
MC,1,361,tejas
MC,1,420,tejas
MC,1,390,tejas
MC,1,350,tejas
MC,1,380,tejas
MC,1,352,tejas
MC,1,381,tejas
MC,1,360,tejas
MC,1,411,tejas
MC,1,370,tejas
MC,1,410,tejas
MC,1,373,tejas
MC,1,400,tejas
MC,1,391,tejas
MC,1,360,tejas
MC,1,370,tejas
MC,1,390,tejas
MC,1,1700,tejas
MC,1,369,tejas
MC,1,371,tejas
MC,1,341,tejas
MC,1,382,tejas
MC,1,389,tejas
MC,1,373,tejas
MC,1,381,tejas
MC,1,380,tejas
MC,1,0,tejas
MC,1,372,tejas
MC,1,401,tejas
MC,1,379,tejas
MC,1,381,tejas
MC,1,391,tejas
MC,1,372,tejas
MC,1,371,tejas
MC,1,369,tejas
MC,1,420,tejas
MC,1,380,tejas
MC,1,381,tejas
MC,1,360,tejas
MC,1,371,tejas
MC,1,371,tejas
MC,1,370,tejas
MC,1,382,tejas
MC,1,625,tejas
MC,1,381,tejas
MC,1,389,tejas
MC,1,361,tejas
MC,1,401,tejas
MC,1,373,tejas
MC,1,351,tejas
MC,1,391,tejas
MC,1,380,tejas
MC,1,380,tejas
MC,1,381,tejas
MC,1,382,tejas
MC,1,399,tejas
MC,1,360,tejas
MC,1,1358,tejas
MC,1,373,tejas
MC,1,350,tejas
MC,1,371,tejas
MC,1,1247,tejas
MC,1,390,tejas
MC,1,602,tejas
MC,1,360,tejas
MC,1,379,tejas
MC,1,390,tejas
MC,1,370,tejas
MC,1,380,tejas
MC,1,361,tejas
MC,1,361,tejas
MC,1,361,tejas
MC,1,362,tejas
MC,1,399,tejas
MC,1,421,tejas
MC,1,380,tejas
MC,1,349,tejas
MC,1,382,tejas
MC,1,1361,tejas
MC,1,0,tejas
MC,1,351,tejas
MC,1,371,tejas
MC,1,359,tejas
MC,1,359,tejas
MC,1,1428,tejas
MC,1,380,tejas
MC,1,351,tejas
MC,1,381,tejas
MC,1,1500,tejas
MC,1,342,tejas
MC,1,1065,tejas
MC,1,1339,tejas
MC,1,362,tejas
MC,1,2729,tejas
MC,1,342,tejas
MC,1,386,tejas
MC,1,4946,tejas
MC,1,359,tejas
MC,1,351,tejas
MC,1,392,tejas
MC,1,402,tejas
MC,1,380,tejas
MC,1,384,tejas
MC,1,362,tejas
MC,1,422,tejas
MC,1,362,tejas
MC,1,352,tejas
MC,1,370,tejas
MC,1,606,tejas
MC,1,361,tejas
MC,1,420,tejas
MC,1,362,tejas
MC,1,400,tejas
MC,1,511,tejas
MC,1,390,tejas
MC,1,345,tejas
MC,1,359,tejas
MC,1,409,tejas
MC,1,360,tejas
MC,1,362,tejas
MC,1,370,tejas
MC,1,1339,tejas
MC,1,350,tejas
MC,1,383,tejas
MC,1,362,tejas
MC,1,513,tejas
MC,1,370,tejas
MC,1,360,tejas
MC,1,379,tejas
MC,1,362,tejas
MC,1,1601,tejas
MC,1,390,tejas
MC,1,401,tejas
MC,1,361,tejas
MC,1,394,tejas
MC,1,372,tejas
MC,1,372,tejas
MC,1,391,tejas
MC,1,399,tejas
MC,1,383,tejas
MC,1,379,tejas
MC,1,1197,tejas
MC,1,379,tejas
MC,1,330,tejas
MC,1,400,tejas
MC,1,369,tejas
MC,1,402,tejas
MC,1,370,tejas
MC,1,371,tejas
MC,1,362,tejas
MC,1,381,tejas
MC,1,341,tejas
MC,1,1516,tejas
MC,1,345,tejas
MC,1,430,tejas
MC,1,379,tejas
MC,1,380,tejas
MC,1,370,tejas
MC,1,392,tejas
MC,1,370,tejas
MC,1,381,tejas
MC,1,363,tejas
MC,1,342,tejas
MC,1,401,tejas
MC,1,361,tejas
MC,1,372,tejas
MC,1,451,tejas
MC,1,381,tejas
MC,1,400,tejas
MC,1,391,tejas
MC,1,409,tejas
MC,1,379,tejas
MC,1,342,tejas
MC,1,380,tejas
MC,1,372,tejas
MC,1,361,tejas
MC,1,152,sayan
MC,1,200,sayan
MC,1,151,sayan
MC,1,240,sayan
MC,1,216,sayan
MC,1,152,sayan
MC,1,225,sayan
MC,1,232,sayan
MC,1,328,sayan
MC,1,209,sayan
MC,1,280,sayan
MC,1,231,sayan
MC,1,185,sayan
MC,1,232,sayan
MC,1,267,sayan
MC,1,177,sayan
MC,1,304,sayan
MC,1,224,sayan
MC,1,216,sayan
MC,1,208,sayan
MC,1,175,sayan
MC,1,240,sayan
MC,1,337,sayan
MC,1,167,sayan
MC,1,200,sayan
MC,1,336,sayan
MC,1,281,sayan
MC,1,200,sayan
MC,1,167,sayan
MC,1,199,sayan
MC,1,232,sayan
MC,1,192,sayan
MC,1,1,sayan
MC,1,200,sayan
MC,1,376,sayan
MC,1,159,sayan
MC,1,141,sayan
MC,1,416,sayan
MC,1,232,sayan
MC,1,241,sayan
MC,1,232,sayan
MC,1,189,sayan
MC,1,269,sayan
MC,1,127,sayan
MC,1,200,sayan
MC,1,144,sayan
MC,1,231,sayan
MC,1,199,sayan
MC,1,176,sayan
MC,1,359,sayan
MC,1,265,sayan
MC,1,344,sayan
MC,1,193,sayan
MC,1,465,sayan
MC,1,0,sayan
MC,1,212,sayan
MC,1,280,sayan
MC,1,296,sayan
MC,2,192,sayan
MC,1,152,sayan
MC,1,383,sayan
MC,1,288,sayan
MC,1,239,sayan
MC,1,287,sayan
MC,1,391,sayan
MC,1,200,sayan
MC,1,207,sayan
MC,1,0,sayan
MC,1,344,sayan
MC,1,169,sayan
MC,1,281,sayan
MC,1,224,sayan
MC,1,288,sayan
MC,1,176,sayan
MC,1,232,sayan
MC,1,257,sayan
MC,1,0,sayan
MC,1,419,sayan
MC,1,288,sayan
MC,1,168,sayan
MC,1,232,sayan
MC,1,255,sayan
MC,1,184,sayan
MC,1,335,sayan
MC,1,144,sayan
MC,1,0,sayan
MC,1,358,sayan
MC,1,160,sayan
MC,1,208,sayan
MC,1,240,sayan
MC,2,208,sayan
MC,1,247,sayan
MC,1,373,sayan
MC,1,349,sayan
MC,1,311,sayan
MC,1,313,sayan
MC,1,199,sayan
MC,1,246,sayan
MC,1,296,sayan
MC,1,240,sayan
MC,1,168,sayan
MC,1,232,sayan
MC,1,143,sayan
MC,1,199,sayan
MC,1,296,sayan
MC,1,327,sayan
MC,1,312,sayan
MC,1,287,sayan
MC,1,256,sayan
MC,1,356,sayan
MC,1,240,sayan
MC,1,288,sayan
MC,1,201,sayan
MC,1,503,sayan
MC,1,336,sayan
MC,1,215,sayan
MC,1,161,sayan
MC,1,233,sayan
MC,1,440,sayan
MC,1,223,sayan
MC,1,209,sayan
MC,1,328,sayan
MC,1,208,sayan
MC,1,136,sayan
MC,1,216,sayan
MC,1,167,sayan
MC,1,182,sayan
MC,1,239,sayan
MC,1,249,sayan
MC,2,239,sayan
MC,1,255,sayan
MC,1,294,sayan
MC,1,248,sayan
MC,1,189,sayan
MC,1,265,sayan
MC,1,247,sayan
MC,1,208,sayan
MC,1,213,sayan
MC,1,303,sayan
MC,1,166,sayan
MC,1,360,sayan
MC,1,192,sayan
MC,1,295,sayan
MC,1,231,sayan
MC,1,255,sayan
MC,1,192,sayan
MC,1,336,sayan
MC,1,184,sayan
MC,1,480,sayan
MC,1,216,sayan
MC,1,257,sayan
MC,1,207,sayan
MC,1,240,sayan
MC,1,208,sayan
MC,1,279,sayan
MC,1,281,sayan
MC,1,272,sayan
MC,1,200,sayan
MC,1,328,sayan
MC,1,159,sayan
MC,1,401,sayan
MC,1,288,sayan
MC,1,272,sayan
MC,1,152,sayan
MC,1,271,sayan
MC,1,118,sayan
MC,1,264,sayan
MC,1,408,sayan
MC,1,230,sayan
MC,1,233,sayan
MC,1,193,sayan
MC,1,399,sayan
MC,1,152,sayan
MC,1,214,sayan
MC,1,313,sayan
MC,1,198,sayan
MC,1,320,sayan
MC,1,184,sayan
MC,1,224,sayan
MC,1,224,sayan
MC,1,224,sayan
MC,1,272,sayan
MC,1,208,sayan
MC,1,184,sayan
MC,1,160,sayan
MC,1,249,sayan
MC,1,192,sayan
MC,1,160,sayan
MC,1,217,sayan
MC,1,857,sayan
MC,1,369,sayan
MC,1,199,sayan
MC,2,16,sayan
MC,1,193,sayan
MC,1,153,sayan
MC,1,190,sayan
MC,1,241,sayan
MC,1,634,sayan
MC,1,160,sayan
MC,1,248,sayan
MC,1,177,sayan
MC,1,207,sayan
MC,1,241,sayan
MC,1,344,sayan
MC,1,256,sayan
MC,1,311,sayan
MC,2,24,sayan
MC,1,302,sayan
MC,1,256,sayan
MC,1,263,sayan
MC,1,168,sayan
MC,2,23,sayan
MC,1,216,sayan
MC,1,249,sayan
MC,1,184,sayan
MC,1,177,sayan
MC,1,216,sayan
MC,1,199,sayan
MC,1,191,sayan
MC,1,184,sayan
MC,1,398,sayan
MC,1,127,sayan
MC,1,281,sayan
MC,2,32,sayan
MC,1,256,sayan
MC,1,271,sayan
MC,1,208,sayan
MC,1,223,sayan
MC,1,208,sayan
MC,1,104,sayan
MC,1,385,sayan
MC,1,304,sayan
MC,1,192,sayan
MC,1,279,sayan
MC,1,367,sayan
MC,1,201,sayan
MC,1,177,sayan
MC,1,174,sayan
MC,1,192,sayan
MC,1,240,sayan
MC,1,272,sayan
MC,1,127,sayan
MC,1,174,sayan
MC,1,263,sayan
MC,1,143,sayan
MC,1,191,sayan
MC,1,224,sayan
MC,1,296,sayan
MC,1,311,sayan
MC,1,233,sayan
MC,1,175,sayan
MC,1,216,sayan
MC,1,167,sayan
MC,1,216,sayan
MC,1,352,sayan
MC,1,209,sayan
MC,1,295,sayan
MC,1,120,sayan
MC,1,136,sayan
MC,1,199,sayan
MC,1,177,sayan
MC,1,263,sayan
MC,1,225,sayan
MC,1,167,sayan
MC,1,224,sayan
MC,1,0,sayan
MC,1,191,sayan
MC,1,161,sayan
MC,1,263,sayan
MC,1,129,sayan
MC,1,273,sayan
MC,1,247,sayan
MC,1,201,sayan
MC,1,200,sayan
MC,1,144,sayan
MC,1,240,sayan
MC,1,160,sayan
MC,1,455,sayan
MC,1,280,sayan
MC,1,215,sayan
MC,1,199,sayan
MC,1,208,sayan
MC,1,255,sayan
MC,1,281,sayan
MC,1,190,sayan
MC,1,286,sayan
MC,1,232,sayan
MC,1,256,sayan
MC,1,344,sayan
MC,1,303,sayan
MC,1,144,sayan
MC,1,312,sayan
MC,1,184,sayan
MC,1,312,sayan
MC,1,208,sayan
MC,1,200,sayan
MC,1,208,sayan
MC,1,321,sayan
MC,1,135,sayan
MC,1,200,sayan
MC,1,207,sayan
MC,1,159,sayan
MC,1,0,sayan
MC,1,254,sayan
MC,1,113,sayan
MC,1,175,sayan
MC,2,193,sayan
MC,1,181,sayan
MC,1,368,sayan
MC,1,185,sayan
MC,1,297,sayan
MC,1,320,sayan
MC,1,392,sayan
MC,1,208,sayan
MC,1,152,sayan
MC,1,216,sayan
MC,1,336,sayan
MC,1,249,sayan
MC,1,328,sayan
MC,1,457,sayan
MC,1,225,sayan
MC,1,312,sayan
MC,1,136,sayan
MC,1,232,sayan
MC,2,497,sayan
MC,1,184,sayan
MC,1,184,sayan
MC,1,225,sayan
MC,1,208,sayan
MC,1,279,sayan
MC,1,200,sayan
MC,1,224,sayan
MC,1,297,sayan
MC,1,264,sayan
MC,1,246,sayan
MC,1,0,sayan
MC,1,238,sayan
MC,1,152,sayan
MC,1,295,sayan
MC,1,208,sayan
MC,1,281,sayan
MC,1,191,sayan
MC,1,287,sayan
MC,1,153,sayan
MC,1,320,sayan
MC,1,352,sayan
MC,1,256,sayan
MC,1,208,sayan
MC,1,119,sayan
MC,1,233,sayan
MC,1,127,sayan
MC,2,200,sayan
MC,1,0,sayan
MC,1,207,sayan
MC,1,255,sayan
MC,1,248,sayan
MC,1,296,sayan
MC,1,208,sayan
MC,1,183,sayan
MC,1,249,sayan
MC,1,143,sayan
MC,1,160,sayan
MC,1,209,sayan
MC,1,384,sayan
MC,1,193,sayan
MC,1,0,sayan
MC,1,166,sayan
MC,1,240,sayan
MC,1,304,sayan
MC,1,224,sayan
MC,1,224,sayan
MC,1,262,sayan
MC,1,191,sayan
MC,1,184,sayan
MC,1,296,sayan
MC,1,296,sayan
MC,1,128,sayan
MC,1,208,sayan
MC,1,192,sayan
MC,1,248,sayan
MC,1,295,sayan
MC,1,248,sayan
MC,1,208,sayan
MC,1,199,sayan
MC,1,247,sayan
MC,1,232,sayan
MC,1,264,sayan
MC,1,200,sayan
MC,1,286,sayan
MC,1,273,sayan
MC,1,183,sayan
MC,1,353,sayan
MC,1,144,sayan
MC,1,215,sayan
MC,1,824,sayan
MC,1,183,sayan
MC,1,247,sayan
MC,1,270,sayan
MC,1,224,sayan
MC,1,215,sayan
MC,1,143,sayan
MC,1,135,sayan
MC,1,416,sayan
MC,1,257,sayan
MC,1,176,sayan
MC,1,369,sayan
MC,1,271,sayan
MC,1,280,sayan
MC,1,264,sayan
MC,1,175,sayan
MC,1,241,sayan
MC,1,233,sayan
MC,1,199,sayan
MC,1,152,sayan
MC,1,390,sayan
MC,1,296,sayan
MC,1,166,sayan
MC,1,0,sayan
MC,1,184,sayan
MC,1,232,sayan
MC,1,224,sayan
MC,1,552,sayan
MC,1,216,sayan
MC,1,261,sayan
MC,1,360,sayan
MC,1,168,sayan
MC,1,296,sayan
MC,1,239,sayan
MC,1,175,sayan
MC,1,208,sayan
MC,1,328,sayan
MC,1,288,sayan
MC,1,129,sayan
MC,1,118,sayan
MC,1,175,sayan
MC,1,286,sayan
MC,1,265,sayan
MC,1,224,sayan
MC,1,504,sayan
MC,1,321,sayan
MC,1,185,sayan
MC,2,184,sayan
MC,1,345,sayan
MC,1,294,sayan
MC,1,169,sayan
MC,1,151,sayan
MC,1,231,sayan
MC,1,233,sayan
MC,1,208,sayan
MC,1,265,sayan
MC,1,264,sayan
MC,1,248,sayan
MC,1,296,sayan
MC,1,240,sayan
MC,1,145,sayan
MC,1,264,sayan
MC,1,312,sayan
MC,1,280,sayan
MC,1,320,sayan
MC,1,168,sayan
MC,1,111,sayan
MC,1,241,sayan
MC,1,207,sayan
MC,1,239,sayan
MC,1,280,sayan
MC,1,344,sayan
MC,1,297,sayan
MC,1,440,sayan
MC,1,208,sayan
MC,1,288,sayan
MC,1,200,sayan
MC,1,256,sayan
MC,1,352,sayan
MC,1,489,sayan
MC,1,95,sayan
MC,1,224,sayan
MC,1,312,sayan
MC,1,262,sayan
MC,1,320,sayan
MC,1,352,sayan
MC,1,216,sayan
MC,1,176,sayan
MC,1,231,sayan
MC,1,184,sayan
MC,1,360,sayan
MC,1,208,sayan
MC,1,456,sayan
MC,1,391,sayan
MC,1,184,sayan
MC,1,174,sayan
MC,1,192,sayan
MC,2,56,sayan
MC,1,208,sayan
MC,1,257,sayan
MC,1,111,sayan
MC,1,240,sayan
MC,1,191,sayan
MC,1,303,sayan
MC,1,216,sayan
MC,1,249,sayan
MC,1,281,sayan
MC,1,225,sayan
MC,1,0,sayan
MC,1,312,sayan
MC,1,232,sayan
MC,1,177,sayan
MC,1,0,sayan
MC,1,232,sayan
MC,1,120,sayan
MC,1,248,sayan
MC,1,216,sayan
MC,1,184,sayan
MC,1,208,sayan
MC,1,232,sayan
MC,1,520,sayan
MC,1,136,sayan
MC,1,209,sayan
MC,1,0,sayan
MC,1,432,sayan
MC,1,150,sayan
MC,1,230,sayan
MC,1,167,sayan
MC,2,201,sayan
MC,1,232,sayan
MC,1,209,sayan
MC,1,159,sayan
MC,1,200,sayan
MC,1,192,sayan
MC,1,200,sayan
MC,1,297,sayan
MC,2,223,sayan
MC,1,247,sayan
MC,1,223,sayan
MC,1,256,sayan
MC,1,183,sayan
MC,1,264,sayan
MC,1,278,sayan
MC,1,231,sayan
MC,1,0,sayan
MC,1,192,sayan
MC,1,257,sayan
MC,1,224,sayan
MC,1,255,sayan
MC,1,312,sayan
MC,1,142,sayan
MC,1,288,sayan
MC,1,216,sayan
MC,1,249,sayan
MC,1,232,sayan
MC,1,135,sayan
MC,1,305,sayan
MC,1,272,sayan
MC,1,176,sayan
MC,1,240,sayan
MC,1,208,sayan
MC,1,336,sayan
MC,1,239,sayan
MC,1,224,sayan
MC,1,240,sayan
MC,1,352,sayan
MC,1,264,sayan
MC,1,151,sayan
MC,1,200,sayan
MC,1,239,sayan
MC,1,248,sayan
MC,1,279,sayan
MC,1,169,sayan
MC,2,127,sayan
MC,1,120,sayan
MC,2,80,sayan
MC,1,208,sayan
MC,1,209,sayan
MC,1,120,sayan
MC,1,183,sayan
MC,1,241,sayan
MC,1,152,sayan
MC,1,184,sayan
MC,1,232,sayan
MC,1,168,sayan
MC,1,0,sayan
MC,1,263,sayan
MC,1,207,sayan
MC,2,201,sayan
MC,1,199,sayan
MC,1,256,sayan
MC,1,264,sayan
MC,1,0,sayan
MC,1,231,sayan
MC,1,352,sayan
MC,1,303,sayan
MC,1,0,sayan
MC,1,144,sayan
MC,1,223,sayan
MC,1,265,sayan
MC,1,616,sayan
MC,1,344,sayan
MC,1,143,sayan
MC,1,289,sayan
MC,1,257,sayan
MC,1,353,sayan
MC,1,280,sayan
MC,1,250,sayan
MC,1,865,sayan
MC,1,256,sayan
MC,1,239,sayan
MC,1,199,sayan
MC,1,294,sayan
MC,2,88,sayan
MC,1,296,sayan
MC,1,264,sayan
MC,1,312,sayan
MC,1,184,sayan
MC,1,367,sayan
MC,1,311,sayan
MC,1,199,sayan
MC,1,233,sayan
MC,1,305,sayan
MC,1,87,sayan
MC,1,239,sayan
MC,1,255,sayan
MC,1,263,sayan
MC,1,256,sayan
MC,1,296,sayan
MC,1,224,sayan
MC,1,439,sayan
MC,1,143,sayan
MC,1,360,sayan
MC,1,345,sayan
MC,1,304,sayan
MC,1,145,sayan
MC,1,263,sayan
MC,1,233,sayan
MC,1,153,sayan
MC,1,288,sayan
MC,1,207,sayan
MC,1,184,sayan
MC,1,298,sayan
MC,1,167,sayan
MC,1,224,sayan
MC,1,231,sayan
MC,1,352,sayan
MC,1,234,sayan
MC,1,248,sayan
MC,1,344,sayan
MC,1,367,sayan
MC,1,233,sayan
MC,1,288,sayan
MC,1,272,sayan
MC,1,353,sayan
MC,1,320,sayan
MC,1,248,sayan
MC,1,504,sayan
MC,1,352,sayan
MC,1,232,sayan
MC,1,264,sayan
MC,1,232,sayan
MC,2,48,sayan
MC,1,249,sayan
MC,1,224,sayan
MC,1,240,sayan
MC,1,319,sayan
MC,1,288,sayan
MC,1,240,sayan
MC,1,88,sayan
MC,2,64,sayan
MC,3,48,sayan
MC,1,241,sayan
MC,1,368,sayan
MC,1,344,sayan
MC,1,337,sayan
MC,1,457,sayan
MC,1,257,sayan
MC,1,504,sayan
MC,1,200,sayan
MC,1,304,sayan
MC,1,248,sayan
MC,1,215,sayan
MC,1,233,sayan
MC,1,272,sayan
MC,1,304,sayan
MC,1,280,sayan
MC,1,184,sayan
MC,1,239,sayan
MC,1,321,sayan
MC,1,312,sayan
MC,1,344,sayan
MC,1,217,sayan
MC,1,216,sayan
MC,1,208,sayan
MC,1,161,sayan
MC,1,295,sayan
MC,1,511,sayan
MC,1,288,sayan
MC,1,247,sayan
MC,1,200,sayan
MC,2,88,sayan
MC,1,313,sayan
MC,1,191,sayan
MC,1,264,sayan
MC,1,176,sayan
MC,1,216,sayan
MC,1,303,sayan
MC,1,192,sayan
MC,1,223,sayan
MC,1,200,sayan
MC,1,224,sayan
MC,2,23,sayan
MC,1,208,sayan
MC,1,273,sayan
MC,1,241,sayan
MC,1,264,sayan
MC,1,233,sayan
MC,2,208,sayan
MC,1,224,sayan
MC,1,193,sayan
MC,1,0,sayan
MC,1,199,sayan
MC,1,136,sayan
MC,1,224,sayan
MC,1,257,sayan
MC,1,231,sayan
MC,1,200,sayan
MC,1,168,sayan
MC,1,239,sayan
MC,1,224,sayan
MC,1,255,sayan
MC,1,287,sayan
MC,1,224,sayan
MC,1,184,sayan
MC,1,199,sayan
MC,1,232,sayan
MC,1,351,sayan
MC,1,127,sayan
MC,1,425,sayan
MC,1,192,sayan
MC,1,161,sayan
MC,1,328,sayan
MC,1,207,sayan
MC,1,193,sayan
MC,1,160,sayan
MC,1,208,sayan
MC,1,192,sayan
MC,1,225,sayan
MC,1,128,sayan
MC,1,152,sayan
MC,1,184,sayan
MC,1,353,sayan
MC,1,230,sayan
MC,1,311,sayan
MC,1,217,sayan
MC,1,215,sayan
MC,1,336,sayan
MC,1,160,sayan
MC,1,296,sayan
MC,1,199,sayan
MC,1,263,sayan
MC,1,207,sayan
MC,1,184,sayan
MC,1,584,sayan
MC,1,153,sayan
MC,1,199,sayan
MC,1,192,sayan
MC,1,217,sayan
MC,1,231,sayan
MC,1,208,sayan
MC,1,442,love
MC,1,437,love
MC,1,423,love
MC,1,522,love
MC,1,410,love
MC,1,453,love
MC,1,420,love
MC,1,507,love
MC,1,440,love
MC,1,438,love
MC,1,477,love
MC,1,494,love
MC,1,447,love
MC,1,479,love
MC,1,443,love
MC,1,430,love
MC,1,485,love
MC,1,524,love
MC,1,603,love
MC,1,528,love
MC,1,517,love
MC,1,464,love
MC,1,411,love
MC,1,440,love
MC,1,408,love
MC,1,505,love
MC,1,483,love
MC,1,1502,love
MC,1,488,love
MC,1,541,love
MC,1,413,love
MC,1,469,love
MC,1,437,love
MC,1,408,love
MC,1,463,love
MC,1,483,love
MC,1,413,love
MC,1,528,love
MC,1,1617,love
MC,1,445,love
MC,1,519,love
MC,1,454,love
MC,1,516,love
MC,1,447,love
MC,1,466,love
MC,1,539,love
MC,1,474,love
MC,1,410,love
MC,1,778,love
MC,1,2146,love
MC,1,462,love
MC,1,417,love
MC,1,420,love
MC,1,475,love
MC,1,416,love
MC,1,632,love
MC,1,409,love
MC,1,408,love
MC,1,433,love
MC,1,453,love
MC,1,414,love
MC,1,408,love
MC,1,522,love
MC,1,439,love
MC,1,395,love
MC,1,426,love
MC,2,411,love
MC,1,417,love
MC,1,419,love
MC,1,416,love
MC,1,483,love
MC,1,427,love
MC,1,451,love
MC,1,408,love
MC,1,409,love
MC,1,1306,love
MC,1,503,love
MC,1,1523,love
MC,1,439,love
MC,1,642,love
MC,1,416,love
MC,1,504,love
MC,1,496,love
MC,1,409,love
MC,1,567,love
MC,1,481,love
MC,1,491,love
MC,1,455,love
MC,1,530,love
MC,1,430,love
MC,1,480,love
MC,1,493,love
MC,1,407,love
MC,1,1334,love
MC,1,472,love
MC,1,417,love
MC,1,440,love
MC,1,437,love
MC,1,404,love
MC,1,456,love
MC,2,396,love
MC,3,319,love
MC,1,503,love
MC,1,425,love
MC,1,1347,love
MC,1,500,love
MC,1,424,love
MC,1,503,love
MC,1,1504,love
MC,1,520,love
MC,1,428,love
MC,1,417,love
MC,1,438,love
MC,1,407,love
MC,1,464,love
MC,1,499,love
MC,1,474,love
MC,2,216,love
MC,1,552,love
MC,1,630,love
MC,1,478,love
MC,1,520,love
MC,1,483,love
MC,1,520,love
MC,1,520,love
MC,1,419,love
MC,1,427,love
MC,1,499,love
MC,1,437,love
MC,1,526,love
MC,1,494,love
MC,1,454,love
MC,1,522,love
MC,1,482,love
MC,1,523,love
MC,1,442,love
MC,1,419,love
MC,1,571,love
MC,1,527,love
MC,1,512,love
MC,1,431,love
MC,1,470,love
MC,1,581,love
MC,1,421,love
MC,1,584,love
MC,1,418,love
MC,1,583,love
MC,1,417,love
MC,1,460,love
MC,1,453,love
MC,1,550,love
MC,1,647,love
MC,1,413,love
MC,1,465,love
MC,1,412,love
MC,1,407,love
MC,1,430,love
MC,1,438,love
MC,1,819,love
MC,1,989,love
MC,2,215,love
MC,1,461,love
MC,1,524,love
MC,1,482,love
MC,1,404,love
MC,1,527,love
MC,1,437,love
MC,1,398,love
MC,1,405,love
MC,1,3191,love
MC,1,510,love
MC,1,809,love
MC,1,0,love
MC,1,786,love
MC,1,407,love
MC,1,1596,love
MC,1,467,love
MC,1,530,love
MC,1,450,love
MC,1,464,love
MC,2,293,love
MC,1,472,love
MC,1,491,love
MC,1,542,love
MC,1,435,love
MC,1,566,love
MC,1,448,love
MC,1,427,love
MC,1,477,love
MC,1,545,love
MC,1,527,love
MC,1,419,love
MC,1,412,love
MC,1,436,love
MC,1,426,love
MC,1,455,love
MC,1,713,love
MC,1,430,love
MC,1,496,love
MC,1,405,love
MC,1,405,love
MC,1,466,love
MC,1,430,love
MC,1,543,love
MC,1,573,love
MC,1,606,love
MC,1,425,love
MC,1,441,love
MC,1,423,love
MC,1,482,love
MC,1,414,love
MC,1,437,love
MC,1,696,love
MC,1,545,love
MC,1,436,love
MC,1,407,love
MC,1,673,love
MC,1,416,love
MC,1,417,love
MC,1,524,love
MC,1,601,love
MC,1,418,love
MC,1,434,love
MC,1,426,love
MC,1,481,love
MC,1,416,love
MC,1,444,love
MC,1,464,love
MC,1,436,love
MC,1,410,love
MC,1,417,love
MC,1,524,love
MC,1,427,love
MC,1,672,love
MC,1,562,love
MC,1,418,love
MC,1,501,love
MC,1,428,love
MC,1,503,love
MC,1,442,love
MC,1,460,love
MC,1,437,love
MC,1,475,love
MC,1,678,love
MC,1,497,love
MC,1,411,love
MC,1,599,love
MC,1,429,love
MC,1,450,love
MC,1,504,love
MC,1,486,love
MC,1,499,love
MC,1,431,love
MC,1,423,love
MC,1,464,love
MC,1,488,love
MC,1,480,love
MC,1,555,love
MC,1,583,love
MC,1,661,love
MC,1,524,love
MC,1,562,love
MC,1,555,love
MC,1,475,love
MC,1,589,love
MC,1,408,love
MC,1,434,love
MC,1,412,love
MC,1,593,love
MC,1,468,love
MC,1,509,love
MC,1,399,love
MC,1,469,love
MC,1,522,love
MC,1,503,love
MC,1,471,love
MC,1,533,love
MC,1,555,love
MC,1,581,love
MC,1,449,love
MC,1,561,love
MC,1,413,love
MC,1,542,love
MC,1,471,love
MC,1,642,love
MC,1,649,love
MC,1,530,love
MC,1,594,love
MC,1,632,love
MC,1,430,love
MC,1,746,love
MC,1,655,love
MC,1,423,love
MC,1,478,love
MC,1,659,love
MC,1,652,love
MC,1,475,love
MC,1,608,love
MC,1,500,love
MC,1,489,love
MC,1,449,love
MC,1,498,love
MC,1,583,love
MC,1,433,love
MC,1,618,love
MC,1,424,love
MC,1,417,love
MC,1,640,love
MC,1,471,love
MC,1,464,love
MC,1,440,love
MC,1,620,love
MC,1,452,love
MC,1,593,love
MC,1,435,love
MC,1,578,love
MC,1,640,love
MC,1,416,love
MC,1,507,love
MC,1,512,love
MC,1,599,love
MC,1,634,love
MC,1,519,love
MC,1,432,love
MC,1,441,love
MC,1,518,love
MC,1,457,love
MC,1,510,love
MC,1,467,love
MC,1,616,love
MC,1,459,love
MC,1,551,love
MC,1,523,love
MC,1,594,love
MC,1,709,love
MC,1,497,love
MC,1,629,love
MC,1,426,love
MC,1,1639,love
MC,1,589,love
MC,1,596,love
MC,1,481,love
MC,1,451,love
MC,1,666,love
MC,1,463,love
MC,1,478,love
MC,1,537,love
MC,1,770,love
MC,1,534,love
MC,1,531,love
MC,1,535,love
MC,1,582,love
MC,1,448,love
MC,1,438,love
MC,1,426,love
MC,1,873,love
MC,1,533,love
MC,1,434,love
MC,1,1726,love
MC,1,425,love
MC,1,483,love
MC,1,526,love
MC,1,580,love
MC,1,508,love
MC,1,403,love
MC,1,511,love
MC,1,432,love
MC,1,0,love
MC,1,408,love
MC,1,531,love
MC,1,599,love
MC,1,613,love
MC,1,515,love
MC,1,442,love
MC,1,458,love
MC,1,402,love
MC,1,493,love
MC,1,577,love
MC,1,623,love
MC,1,421,love
MC,1,610,love
MC,1,531,love
MC,1,532,love
MC,1,1439,love
MC,1,0,love
MC,1,564,love
MC,1,658,love
MC,1,630,love
MC,1,492,love
MC,1,811,love
MC,1,560,love
MC,1,573,love
MC,1,1848,love
MC,1,439,love
MC,1,491,love
MC,1,523,love
MC,1,437,love
MC,1,518,love
MC,1,631,love
MC,1,462,love
MC,1,468,love
MC,1,483,love
MC,1,464,love
MC,1,575,love
MC,1,418,love
MC,1,543,love
MC,1,418,love
MC,1,543,love
MC,1,395,love
MC,1,435,love
MC,1,529,love
MC,1,431,love
MC,1,641,love
MC,1,432,love
MC,1,698,love
MC,1,625,love
MC,1,567,love
MC,1,561,love
MC,1,409,love
MC,1,475,love
MC,1,534,love
MC,1,619,love
MC,1,536,love
MC,1,651,love
MC,1,405,love
MC,1,596,love
MC,1,585,love
MC,1,710,love
MC,1,630,love
MC,1,557,love
MC,1,534,love
MC,1,455,love
MC,1,418,love
MC,1,557,love
MC,1,487,love
MC,1,445,love
MC,1,464,love
MC,1,413,love
MC,1,610,love
MC,1,604,love
MC,1,544,love
MC,1,425,love
MC,1,478,love
MC,1,467,love
MC,1,442,love
MC,1,418,love
MC,1,465,love
MC,1,689,love
MC,1,570,love
MC,1,592,love
MC,1,576,love
MC,1,410,love
MC,1,506,love
MC,1,423,love
MC,1,416,love
MC,1,455,love
MC,1,433,love
MC,1,524,love
MC,1,570,love
MC,1,408,love
MC,1,379,love
MC,1,437,love
MC,1,472,love
MC,1,460,love
MC,1,489,love
MC,1,588,love
MC,1,461,love
MC,1,468,love
MC,1,484,love
MC,1,602,love
MC,1,473,love
MC,1,491,love
MC,1,511,love
MC,1,544,love
MC,1,409,love
MC,1,750,love
MC,1,595,love
MC,1,476,love
MC,1,409,love
MC,1,484,love
MC,1,546,love
MC,1,753,love
MC,1,608,love
MC,1,556,love
MC,1,429,love
MC,1,569,love
MC,1,424,love
MC,1,579,love
MC,1,494,love
MC,1,559,love
MC,1,408,love
MC,1,408,love
MC,1,506,love
MC,1,520,love
MC,1,625,love
MC,1,581,love
MC,1,463,love
MC,1,700,love
MC,1,446,love
MC,1,646,love
MC,1,474,love
MC,1,445,love
MC,1,428,love
MC,1,446,love
MC,1,416,love
MC,1,466,love
MC,1,417,love
MC,1,446,love
MC,1,450,love
MC,1,631,love
MC,1,594,love
MC,1,538,love
MC,1,691,love
MC,1,494,love
MC,1,511,love
MC,1,413,love
MC,1,419,love
MC,1,532,love
MC,1,405,love
MC,1,463,love
MC,1,501,love
MC,1,2120,love
MC,1,444,love
MC,1,552,love
MC,1,437,love
MC,1,681,love
MC,1,454,love
MC,1,442,love
MC,1,633,love
MC,1,464,love
MC,1,467,love
MC,1,443,love
MC,1,430,love
MC,1,483,love
MC,1,453,love
MC,1,651,love
MC,1,584,love
MC,1,499,love
MC,1,634,love
MC,1,677,love
MC,1,426,love
MC,1,437,love
MC,1,555,love
MC,1,461,love
MC,1,696,love
MC,1,458,love
MC,1,473,love
MC,1,455,love
MC,1,424,love
MC,1,443,love
MC,1,575,love
MC,1,492,love
MC,1,644,love
MC,1,553,love
MC,1,499,love
MC,1,418,love
MC,1,407,love
MC,1,643,love
MC,1,595,love
MC,1,582,love
MC,1,557,love
MC,1,420,love
MC,1,409,love
MC,1,709,love
MC,1,544,love
MC,1,626,love
MC,1,420,love
MC,1,440,love
MC,1,638,love
MC,1,441,love
MC,1,493,love
MC,1,572,love
MC,1,618,love
MC,1,484,love
MC,1,553,love
MC,1,479,love
MC,1,504,love
MC,1,472,love
MC,1,525,love
MC,1,428,love
MC,1,501,love
MC,1,509,love
MC,1,677,love
MC,1,416,love
MC,1,576,love
MC,1,561,love
MC,1,515,love
MC,1,563,love
MC,1,569,love
MC,1,482,love
MC,1,502,love
MC,1,560,love
MC,1,503,love
MC,1,693,love
MC,1,557,love
MC,1,600,love
MC,1,522,love
MC,1,440,love
MC,1,601,love
MC,1,589,love
MC,1,526,love
MC,1,555,love
MC,1,440,love
MC,1,432,love
MC,1,522,love
MC,1,466,love
MC,1,593,love
MC,1,538,love
MC,1,616,love
MC,1,422,love
MC,1,445,love
MC,1,642,love
MC,1,436,love
MC,1,531,love
MC,1,714,love
MC,1,452,love
MC,1,424,love
MC,1,513,love
MC,1,496,love
MC,1,650,love
MC,1,440,love
MC,1,411,love
MC,1,439,love
MC,1,436,love
MC,1,433,love
MC,1,536,love
MC,1,525,love
MC,1,446,love
MC,1,610,love
MC,1,444,love
MC,1,478,love
MC,1,491,love
MC,1,432,love
MC,1,435,love
MC,1,447,love
MC,1,475,love
MC,1,415,love
MC,1,501,love
MC,1,472,love
MC,1,451,love
MC,1,543,love
MC,1,493,love
MC,1,461,love
MC,1,439,love
MC,1,450,love
MC,1,496,love
MC,1,433,love
MC,1,662,love
MC,1,458,love
MC,1,507,love
MC,1,445,love
MC,1,491,love
MC,1,417,love
MC,1,480,love
MC,1,495,love
MC,1,438,love
MC,1,434,love
MC,1,635,love
MC,1,454,love
MC,1,488,love
MC,1,441,love
MC,1,424,love
MC,1,492,love
MC,1,437,love
MC,1,436,love
MC,1,429,love
MC,1,574,love
MC,1,454,love
MC,1,490,love
MC,1,439,love
MC,1,689,love
MC,1,532,love
MC,1,479,love
MC,1,525,love
MC,1,444,love
MC,1,704,love
MC,1,608,love
MC,1,433,love
MC,1,441,love
MC,1,448,love
MC,1,453,love
MC,1,449,love
MC,1,450,love
MC,1,606,love
MC,1,452,love
MC,1,592,love
MC,1,412,love
MC,1,553,love
MC,1,0,love
MC,1,437,love
MC,1,429,love
MC,1,448,love
MC,1,503,love
MC,1,416,love
MC,1,523,love
MC,1,472,love
MC,1,515,love
MC,1,412,love
MC,1,446,love
MC,1,434,love
MC,1,442,love
MC,1,447,love
MC,1,549,love
MC,1,455,love
MC,1,439,love
MC,1,537,love
MC,1,464,love
MC,1,412,love
MC,1,559,love
MC,1,553,love
MC,1,505,love
MC,1,558,love
MC,1,470,love
MC,1,500,love
MC,1,512,love
MC,1,528,love
MC,1,420,love
MC,1,650,love
MC,1,549,love
MC,1,561,love
MC,1,564,love
MC,1,434,love
MC,1,572,love
MC,1,442,love
MC,1,674,love
MC,1,516,love
MC,1,504,love
MC,1,446,love
MC,1,542,love
MC,1,505,love
MC,1,503,love
MC,1,689,love
MC,1,525,love
MC,1,427,love
MC,1,527,love
MC,1,563,love
MC,1,668,love
MC,1,486,love
MC,1,422,love
MC,1,616,love
MC,1,434,love
MC,1,436,love
MC,1,522,love
MC,1,557,love
MC,1,421,love
MC,1,464,love
MC,2,490,love
MC,1,507,love
MC,1,518,love
MC,1,1257,love
MC,1,426,love
MC,1,421,love
MC,1,521,love
MC,1,430,love
MC,1,471,love
MC,1,425,love
MC,1,473,love
MC,1,429,love
MC,1,490,love
MC,1,556,love
MC,1,552,love
MC,1,461,love
MC,1,421,love
MC,1,694,love
MC,1,427,love
MC,1,417,love
MC,1,482,love
MC,1,445,love
MC,1,513,love
MC,1,419,love
MC,1,492,love
MC,1,533,love
MC,1,408,love
MC,1,502,love
MC,1,447,love
MC,1,436,love
MC,1,451,love
MC,1,473,love
MC,1,446,love
MC,1,505,love
MC,1,448,love
MC,1,447,love
MC,1,490,love
MC,1,509,love
MC,1,503,love
MC,1,474,love
MC,1,658,love
MC,1,493,love
MC,1,575,love
MC,1,472,love
MC,1,437,love
MC,1,432,love
MC,1,461,love
MC,1,477,love
MC,1,443,love
MC,1,482,love
MC,1,391,nishant
MC,1,406,nishant
MC,1,446,nishant
MC,1,452,nishant
MC,1,376,nishant
MC,1,368,nishant
MC,1,370,nishant
MC,1,1187,nishant
MC,1,397,nishant
MC,1,419,nishant
MC,1,384,nishant
MC,1,384,nishant
MC,1,375,nishant
MC,1,445,nishant
MC,1,367,nishant
MC,1,349,nishant
MC,1,420,nishant
MC,1,355,nishant
MC,1,424,nishant
MC,1,369,nishant
MC,1,370,nishant
MC,1,376,nishant
MC,1,375,nishant
MC,1,398,nishant
MC,1,0,nishant
MC,1,398,nishant
MC,1,468,nishant
MC,1,391,nishant
MC,1,363,nishant
MC,1,404,nishant
MC,1,349,nishant
MC,1,422,nishant
MC,1,340,nishant
MC,1,377,nishant
MC,1,405,nishant
MC,1,424,nishant
MC,1,396,nishant
MC,1,0,nishant
MC,1,418,nishant
MC,1,362,nishant
MC,1,369,nishant
MC,1,357,nishant
MC,1,346,nishant
MC,1,376,nishant
MC,1,404,nishant
MC,1,362,nishant
MC,1,403,nishant
MC,1,453,nishant
MC,1,427,nishant
MC,1,398,nishant
MC,1,390,nishant
MC,1,406,nishant
MC,1,397,nishant
MC,1,0,nishant
MC,1,418,nishant
MC,1,418,nishant
MC,1,433,nishant
MC,1,501,nishant
MC,1,440,nishant
MC,1,390,nishant
MC,1,433,nishant
MC,1,357,nishant
MC,1,405,nishant
MC,1,433,nishant
MC,1,368,nishant
MC,1,397,nishant
MC,1,446,nishant
MC,1,397,nishant
MC,1,376,nishant
MC,1,440,nishant
MC,1,997,nishant
MC,1,411,nishant
MC,1,460,nishant
MC,1,406,nishant
MC,1,377,nishant
MC,1,396,nishant
MC,1,344,nishant
MC,1,397,nishant
MC,1,405,nishant
MC,1,432,nishant
MC,1,461,nishant
MC,1,396,nishant
MC,1,0,nishant
MC,1,383,nishant
MC,1,425,nishant
MC,1,547,nishant
MC,1,397,nishant
MC,1,398,nishant
MC,1,377,nishant
MC,1,391,nishant
MC,1,546,nishant
MC,1,418,nishant
MC,1,433,nishant
MC,1,482,nishant
MC,1,417,nishant
MC,1,397,nishant
MC,1,398,nishant
MC,1,454,nishant
MC,1,391,nishant
MC,1,405,nishant
MC,1,383,nishant
MC,1,384,nishant
MC,1,419,nishant
MC,1,475,nishant
MC,1,432,nishant
MC,1,432,nishant
MC,1,418,nishant
MC,1,432,nishant
MC,1,432,nishant
MC,1,412,nishant
MC,1,0,nishant
MC,1,418,nishant
MC,1,540,nishant
MC,1,411,nishant
MC,1,426,nishant
MC,1,434,nishant
MC,1,423,nishant
MC,1,404,nishant
MC,1,376,nishant
MC,1,431,nishant
MC,1,398,nishant
MC,1,572,nishant
MC,1,450,nishant
MC,1,398,nishant
MC,1,0,nishant
MC,1,707,nishant
MC,1,397,nishant
MC,1,574,nishant
MC,1,426,nishant
MC,1,419,nishant
MC,1,405,nishant
MC,1,454,nishant
MC,1,363,nishant
MC,1,496,nishant
MC,1,391,nishant
MC,1,383,nishant
MC,1,404,nishant
MC,1,368,nishant
MC,1,384,nishant
MC,1,433,nishant
MC,1,404,nishant
MC,1,440,nishant
MC,1,369,nishant
MC,1,1622,nishant
MC,1,0,nishant
MC,2,0,nishant
MC,1,388,nishant
MC,2,214,nishant
MC,1,460,nishant
MC,1,404,nishant
MC,1,432,nishant
MC,1,432,nishant
MC,1,382,nishant
MC,1,425,nishant
MC,1,385,nishant
MC,2,214,nishant
MC,1,560,nishant
MC,1,440,nishant
MC,1,412,nishant
MC,1,382,nishant
MC,1,390,nishant
MC,1,389,nishant
MC,1,411,nishant
MC,1,446,nishant
MC,1,370,nishant
MC,1,474,nishant
MC,1,404,nishant
MC,1,418,nishant
MC,1,375,nishant
MC,1,390,nishant
MC,1,474,nishant
MC,1,396,nishant
MC,1,418,nishant
MC,1,432,nishant
MC,1,361,nishant
MC,1,482,nishant
MC,1,418,nishant
MC,1,433,nishant
MC,1,440,nishant
MC,1,411,nishant
MC,1,397,nishant
MC,1,0,nishant
MC,1,369,nishant
MC,1,355,nishant
MC,1,377,nishant
MC,1,440,nishant
MC,1,503,nishant
MC,1,411,nishant
MC,1,439,nishant
MC,1,474,nishant
MC,1,397,nishant
MC,1,588,nishant
MC,1,362,nishant
MC,1,404,nishant
MC,1,377,nishant
MC,1,447,nishant
MC,1,404,nishant
MC,1,377,nishant
MC,1,447,nishant
MC,1,356,nishant
MC,1,382,nishant
MC,1,425,nishant
MC,1,398,nishant
MC,1,440,nishant
MC,1,390,nishant
MC,1,446,nishant
MC,1,397,nishant
MC,1,376,nishant
MC,1,404,nishant
MC,1,398,nishant
MC,1,411,nishant
MC,1,390,nishant
MC,1,376,nishant
MC,1,411,nishant
MC,1,390,nishant
MC,1,397,nishant
MC,1,474,nishant
MC,2,213,nishant
MC,1,362,nishant
MC,1,448,nishant
MC,1,1075,nishant
MC,1,390,nishant
MC,1,363,nishant
MC,1,438,nishant
MC,1,806,nishant
MC,1,378,nishant
MC,1,411,nishant
MC,1,454,nishant
MC,1,362,nishant
MC,1,362,nishant
MC,1,355,nishant
MC,1,375,nishant
MC,1,424,nishant
MC,1,433,nishant
MC,1,404,nishant
MC,1,370,nishant
MC,1,403,nishant
MC,1,425,nishant
MC,1,384,nishant
MC,1,363,nishant
MC,1,375,nishant
MC,1,377,nishant
MC,1,419,nishant
MC,1,369,nishant
MC,1,462,nishant
MC,1,432,nishant
MC,1,363,nishant
MC,1,382,nishant
MC,1,406,nishant
MC,1,368,nishant
MC,1,383,nishant
MC,1,426,nishant
MC,1,461,nishant
MC,1,0,nishant
MC,1,340,nishant
MC,1,390,nishant
MC,1,390,nishant
MC,1,427,nishant
MC,1,389,nishant
MC,1,1094,nishant
MC,1,487,nishant
MC,1,1149,nishant
MC,1,481,nishant
MC,1,376,nishant
MC,1,426,nishant
MC,1,397,nishant
MC,1,389,nishant
MC,1,431,nishant
MC,1,439,nishant
MC,1,339,nishant
MC,1,399,nishant
MC,1,383,nishant
MC,1,439,nishant
MC,1,335,nishant
MC,1,406,nishant
MC,1,481,nishant
MC,1,433,nishant
MC,1,461,nishant
MC,1,0,nishant
MC,1,384,nishant
MC,1,362,nishant
MC,1,398,nishant
MC,1,405,nishant
MC,1,559,nishant
MC,1,1212,nishant
MC,1,438,nishant
MC,1,447,nishant
MC,1,389,nishant
MC,1,375,nishant
MC,1,370,nishant
MC,1,418,nishant
MC,1,354,nishant
MC,1,375,nishant
MC,1,368,nishant
MC,1,361,nishant
MC,1,377,nishant
MC,1,419,nishant
MC,1,404,nishant
MC,1,391,nishant
MC,1,0,nishant
MC,1,419,nishant
MC,1,440,nishant
MC,1,424,nishant
MC,1,453,nishant
MC,1,384,nishant
MC,1,578,nishant
MC,1,361,nishant
MC,1,396,nishant
MC,1,369,nishant
MC,1,487,nishant
MC,1,405,nishant
MC,1,495,nishant
MC,1,360,nishant
MC,1,490,nishant
MC,1,440,nishant
MC,1,320,nishant
MC,1,385,nishant
MC,1,383,nishant
MC,1,441,nishant
MC,1,363,nishant
MC,1,361,nishant
MC,1,334,nishant
MC,1,397,nishant
MC,1,369,nishant
MC,1,378,nishant
MC,1,371,nishant
MC,1,383,nishant
MC,1,0,nishant
MC,1,462,nishant
MC,1,1411,nishant
MC,1,441,nishant
MC,1,390,nishant
MC,1,383,nishant
MC,1,419,nishant
MC,1,406,nishant
MC,1,414,nishant
MC,1,390,nishant
MC,1,386,nishant
MC,1,405,nishant
MC,1,369,nishant
MC,1,383,nishant
MC,1,371,nishant
MC,1,0,nishant
MC,1,367,nishant
MC,1,474,nishant
MC,1,0,nishant
MC,1,405,nishant
MC,1,371,nishant
MC,1,441,nishant
MC,1,440,nishant
MC,1,482,nishant
MC,1,0,nishant
MC,1,383,nishant
MC,1,424,nishant
MC,1,355,nishant
MC,1,454,nishant
MC,1,439,nishant
MC,1,439,nishant
MC,1,474,nishant
MC,1,455,nishant
MC,1,467,nishant
MC,1,418,nishant
MC,1,394,nishant
MC,1,377,nishant
MC,1,363,nishant
MC,1,370,nishant
MC,1,0,nishant
MC,1,403,nishant
MC,1,383,nishant
MC,1,376,nishant
MC,1,454,nishant
MC,1,368,nishant
MC,1,390,nishant
MC,1,410,nishant
MC,1,0,nishant
MC,1,405,nishant
MC,1,390,nishant
MC,1,454,nishant
MC,1,369,nishant
MC,1,466,nishant
MC,1,468,nishant
MC,1,362,nishant
MC,1,459,nishant
MC,1,536,nishant
MC,1,1085,nishant
MC,1,403,nishant
MC,1,454,nishant
MC,1,1307,nishant
MC,1,424,nishant
MC,1,375,nishant
MC,1,365,nishant
MC,1,363,nishant
MC,1,432,nishant
MC,1,0,nishant
MC,1,396,nishant
MC,1,390,nishant
MC,1,412,nishant
MC,1,456,nishant
MC,2,213,nishant
MC,1,482,nishant
MC,1,390,nishant
MC,1,495,nishant
MC,1,411,nishant
MC,1,403,nishant
MC,1,410,nishant
MC,1,361,nishant
MC,1,460,nishant
MC,1,375,nishant
MC,1,1367,nishant
MC,1,390,nishant
MC,1,480,nishant
MC,1,453,nishant
MC,1,404,nishant
MC,1,1178,nishant
MC,1,1084,nishant
MC,1,396,nishant
MC,1,558,nishant
MC,1,432,nishant
MC,1,439,nishant
MC,1,397,nishant
MC,1,369,nishant
MC,1,376,nishant
MC,1,392,nishant
MC,1,369,nishant
MC,1,402,nishant
MC,1,432,nishant
MC,1,411,nishant
MC,1,410,nishant
MC,1,1424,nishant
MC,1,383,nishant
MC,1,495,nishant
MC,1,0,nishant
MC,1,447,nishant
MC,1,481,nishant
MC,1,402,nishant
MC,1,412,nishant
MC,1,412,nishant
MC,1,361,nishant
MC,1,426,nishant
MC,1,369,nishant
MC,1,453,nishant
MC,1,475,nishant
MC,1,390,nishant
MC,1,425,nishant
MC,1,390,nishant
MC,1,544,nishant
MC,1,552,nishant
MC,1,0,nishant
MC,1,417,nishant
MC,1,445,nishant
MC,1,516,nishant
MC,1,413,nishant
MC,1,474,nishant
MC,1,448,nishant
MC,1,507,nishant
MC,1,446,nishant
MC,1,467,nishant
MC,1,404,nishant
MC,1,460,nishant
MC,1,474,nishant
MC,1,566,nishant
MC,1,370,nishant
MC,1,587,nishant
MC,1,433,nishant
MC,1,477,nishant
MC,1,426,nishant
MC,1,431,nishant
MC,1,538,nishant
MC,1,417,nishant
MC,1,468,nishant
MC,1,0,nishant
MC,1,368,nishant
MC,1,353,nishant
MC,1,468,nishant
MC,1,474,nishant
MC,1,453,nishant
MC,1,404,nishant
MC,1,403,nishant
MC,1,375,nishant
MC,1,390,nishant
MC,1,412,nishant
MC,1,737,nishant
MC,1,433,nishant
MC,1,496,nishant
MC,1,503,nishant
MC,1,405,nishant
MC,1,531,nishant
MC,1,362,nishant
MC,1,392,nishant
MC,1,382,nishant
MC,1,412,nishant
MC,1,1220,nishant
MC,1,433,nishant
MC,1,360,nishant
MC,1,452,nishant
MC,1,453,nishant
MC,1,402,nishant
MC,1,383,nishant
MC,1,425,nishant
MC,1,503,nishant
MC,1,411,nishant
MC,1,369,nishant
MC,1,579,nishant
MC,1,377,nishant
MC,1,397,nishant
MC,1,440,nishant
MC,1,362,nishant
MC,1,398,nishant
MC,1,476,nishant
MC,1,530,nishant
MC,1,384,nishant
MC,1,390,nishant
MC,1,397,nishant
MC,1,382,nishant
MC,1,607,nishant
MC,1,397,nishant
MC,1,425,nishant
MC,1,362,nishant
MC,1,362,nishant
MC,1,439,nishant
MC,1,376,nishant
MC,1,440,nishant
MC,1,454,nishant
MC,1,461,nishant
MC,1,481,nishant
MC,1,397,nishant
MC,1,433,nishant
MC,1,360,nishant
MC,1,348,nishant
MC,1,488,nishant
MC,1,460,nishant
MC,1,509,nishant
MC,1,454,nishant
MC,1,455,nishant
MC,1,0,nishant
MC,2,0,nishant
MC,1,386,nishant
MC,2,214,nishant
MC,1,476,nishant
MC,1,0,nishant
MC,1,390,nishant
MC,1,377,nishant
MC,1,543,nishant
MC,1,390,nishant
MC,1,455,nishant
MC,1,453,nishant
MC,1,438,nishant
MC,1,424,nishant
MC,1,417,nishant
MC,1,383,nishant
MC,1,558,nishant
MC,1,369,nishant
MC,1,445,nishant
MC,1,495,nishant
MC,1,533,nishant
MC,1,382,nishant
MC,1,447,nishant
MC,1,404,nishant
MC,1,567,nishant
MC,1,474,nishant
MC,1,496,nishant
MC,1,411,nishant
MC,1,390,nishant
MC,1,434,nishant
MC,1,405,nishant
MC,1,457,nishant
MC,2,215,nishant
MC,3,353,nishant
MC,1,433,nishant
MC,1,419,nishant
MC,1,377,nishant
MC,1,410,nishant
MC,1,362,nishant
MC,1,534,nishant
MC,1,397,nishant
MC,1,397,nishant
MC,1,468,nishant
MC,1,520,nishant
MC,1,398,nishant
MC,1,354,nishant
MC,1,348,nishant
MC,1,446,nishant
MC,1,480,nishant
MC,1,418,nishant
MC,1,440,nishant
MC,1,616,nishant
MC,1,531,nishant
MC,1,503,nishant
MC,1,391,nishant
MC,1,388,nishant
MC,1,461,nishant
MC,1,403,nishant
MC,1,411,nishant
MC,1,397,nishant
MC,1,517,nishant
MC,1,613,nishant
MC,2,214,nishant
MC,1,369,nishant
MC,1,362,nishant
MC,1,376,nishant
MC,1,0,nishant
MC,1,405,nishant
MC,1,377,nishant
MC,1,441,nishant
MC,1,412,nishant
MC,1,421,nishant
MC,1,420,nishant
MC,1,490,nishant
MC,1,354,nishant
MC,1,438,nishant
MC,1,384,nishant
MC,1,419,nishant
MC,1,425,nishant
MC,1,369,nishant
MC,1,405,nishant
MC,1,440,nishant
MC,1,382,nishant
MC,1,543,nishant
MC,1,391,nishant
MC,1,455,nishant
MC,1,399,nishant
MC,1,0,nishant
MC,1,396,nishant
MC,1,419,nishant
MC,1,405,nishant
MC,1,397,nishant
MC,1,460,nishant
MC,1,389,nishant
MC,1,390,nishant
MC,1,397,nishant
MC,1,509,nishant
MC,1,389,nishant
MC,1,597,nishant
MC,1,376,nishant
MC,1,524,nishant
MC,1,405,nishant
MC,1,380,nishant
MC,1,367,nishant
MC,1,429,nishant
MC,1,380,nishant
MC,1,522,nishant
MC,1,0,nishant
MC,1,417,nishant
MC,1,384,nishant
MC,1,376,nishant
MC,1,405,nishant
MC,1,405,nishant
MC,1,391,nishant
MC,1,436,nishant
MC,1,367,nishant
MC,1,365,nishant
MC,1,463,nishant
MC,1,390,nishant
MC,1,426,nishant
MC,1,490,nishant
MC,1,397,nishant
MC,1,446,nishant
MC,1,381,nishant
MC,1,404,nishant
MC,1,508,nishant
MC,1,369,nishant
MC,1,361,nishant
MC,1,1178,nishant
MC,1,382,nishant
MC,1,432,nishant
MC,1,447,nishant
MC,1,403,nishant
MC,1,390,nishant
MC,1,416,nishant
MC,1,446,nishant
MC,1,672,nishant
MC,1,467,nishant
MC,1,437,nishant
MC,1,417,nishant
MC,1,418,nishant
MC,1,396,nishant
MC,1,517,nishant
MC,1,433,nishant
MC,1,432,nishant
MC,1,452,nishant
MC,1,427,nishant
MC,1,394,nishant
MC,1,445,nishant
MC,1,375,nishant
MC,1,431,nishant
MC,1,398,nishant
MC,1,442,nishant
MC,1,412,nishant
MC,1,367,nishant
MC,1,371,nishant
MC,2,213,nishant
MC,1,411,nishant
MC,1,427,nishant
