,button-id,relative-time,label
MR,1,104,mayank
MR,1,119,mayank
MR,1,96,mayank
MR,1,80,mayank
MR,1,80,mayank
MR,1,64,mayank
MR,1,120,mayank
MR,1,88,mayank
MR,1,103,mayank
MR,1,56,mayank
MR,1,88,mayank
MR,1,120,mayank
MR,1,96,mayank
MR,1,72,mayank
MR,1,144,mayank
MR,1,151,mayank
MR,1,88,mayank
MR,1,64,mayank
MR,1,96,mayank
MR,1,79,mayank
MR,1,87,sayan
MR,1,109,sayan
MR,1,143,sayan
MR,1,64,sayan
MR,1,120,sayan
MR,1,119,sayan
MR,1,103,sayan
MR,1,87,sayan
MR,1,71,sayan
MR,1,73,sayan
MR,1,39,sayan
MR,1,96,sayan
MR,1,56,sayan
MR,1,120,sayan
MR,1,77,sayan
MR,1,63,sayan
MR,1,56,sayan
MR,1,88,sayan
MR,1,70,sayan
MR,1,136,sayan
MR,1,201,tejas
MR,1,216,love
MR,1,215,love
MR,1,215,love
MR,1,216,love
MR,1,216,love
MR,1,215,nishant
MR,1,214,nishant
MR,1,214,nishant
MR,1,215,nishant
MR,1,215,nishant
MR,1,216,nishant
MR,1,163,nishant
MR,1,215,nishant
MR,1,215,nishant
MR,1,214,nishant
MR,1,214,nishant
MR,1,215,nishant
MR,1,215,nishant
MR,1,215,nishant
MR,1,215,nishant
MR,1,216,nishant
MR,1,214,nishant
MR,1,215,nishant
MR,1,214,nishant
MR,1,213,nishant
MR,1,214,nishant
MR,1,215,nishant
MR,1,215,nishant
MR,1,216,nishant
MR,1,215,nishant
MR,1,216,nishant
MR,1,211,nishant
MR,1,214,nishant
