,click count,relative time,label
MC,1,3088,mayank
MC,1,9224,mayank
MC,1,312,mayank
MC,1,384,mayank
MC,1,136,mayank
MC,1,136,mayank
MC,1,680,mayank
MC,1,1632,mayank
MC,1,120,mayank
MC,1,104,mayank
MC,1,168,mayank
MC,1,368,mayank
MC,1,280,mayank
MC,1,697,mayank
MC,1,536,mayank
MC,1,144,mayank
MC,1,456,mayank
MC,1,112,mayank
MC,1,200,mayank
MC,1,175,mayank
MC,1,1,mayank
MC,1,201,mayank
MC,1,392,mayank
MC,1,208,mayank
MC,1,144,mayank
MC,1,152,mayank
MC,1,176,mayank
MC,1,136,mayank
MC,1,535,mayank
MC,1,136,mayank
MC,1,1024,mayank
MC,1,152,mayank
MC,1,192,mayank
MC,1,96,mayank
MC,1,80,mayank
MC,1,112,mayank
MC,1,720,mayank
MC,1,144,mayank
MC,1,112,mayank
MC,1,112,mayank
MC,1,144,mayank
MC,1,128,mayank
MC,1,496,mayank
MC,1,215,mayank
MC,1,12816,mayank
MC,1,30671,mayank
MC,1,152,mayank
MC,1,176,mayank
MC,1,344,mayank
MC,1,544,mayank
MC,1,216,mayank
MC,1,144,mayank
MC,1,264,mayank
MC,1,449,mayank
MC,1,265,mayank
MC,1,127,mayank
MC,1,160,mayank
MC,1,104,mayank
MC,1,167,mayank
MC,2,192,mayank
MC,1,208,mayank
MC,1,200,mayank
MC,1,0,mayank
MC,1,344,mayank
MC,1,160,mayank
MC,1,144,mayank
MC,1,312,mayank
MC,1,144,mayank
MC,1,553,mayank
MC,1,608,mayank
MC,1,152,mayank
MC,1,352,mayank
MC,1,136,mayank
MC,1,232,mayank
MC,1,128,mayank
MC,1,416,mayank
MC,1,152,mayank
MC,1,432,mayank
MC,1,536,mayank
MC,1,240,mayank
MC,1,504,mayank
MC,1,120,mayank
MC,1,128,mayank
MC,1,168,mayank
MC,1,560,mayank
MC,1,104,mayank
MC,1,145,mayank
MC,1,528,mayank
MC,1,520,mayank
MC,2,217,mayank
MC,1,551,mayank
MC,1,352,mayank
MC,1,200,mayank
MC,1,448,mayank
MC,1,120,mayank
MC,1,328,mayank
MC,1,200,mayank
MC,1,552,mayank
MC,1,176,mayank
MC,1,184,mayank
MC,1,184,mayank
MC,1,456,mayank
MC,1,304,mayank
MC,1,152,mayank
MC,1,2259,mayank
MC,1,224,mayank
MC,1,1673,mayank
MC,1,240,mayank
MC,1,384,mayank
MC,1,216,mayank
MC,1,255,mayank
MC,1,328,mayank
MC,1,120,mayank
MC,1,512,mayank
MC,1,128,mayank
MC,1,160,mayank
MC,1,164,mayank
MC,1,512,mayank
MC,1,176,mayank
MC,1,185,mayank
MC,1,176,mayank
MC,1,176,mayank
MC,1,167,mayank
MC,1,296,mayank
MC,2,280,mayank
MC,1,184,mayank
MC,1,568,mayank
MC,1,225,mayank
MC,1,479,mayank
MC,1,136,mayank
MC,1,352,mayank
MC,1,240,mayank
MC,1,393,mayank
MC,1,159,mayank
MC,1,193,mayank
MC,1,351,mayank
MC,1,143,mayank
MC,1,200,mayank
MC,1,168,mayank
MC,1,152,mayank
MC,1,295,mayank
MC,1,152,mayank
MC,1,176,mayank
MC,1,336,mayank
MC,1,176,mayank
MC,1,423,mayank
MC,1,127,mayank
MC,1,183,mayank
MC,1,159,mayank
MC,1,441,mayank
MC,1,120,mayank
MC,1,136,mayank
MC,1,719,mayank
MC,1,576,mayank
MC,2,184,mayank
MC,1,1049,mayank
MC,1,240,mayank
MC,1,320,mayank
MC,1,160,mayank
MC,1,496,mayank
MC,1,160,mayank
MC,1,136,mayank
MC,1,504,mayank
MC,1,120,mayank
MC,1,816,mayank
MC,1,144,mayank
MC,1,352,mayank
MC,1,176,mayank
MC,1,456,mayank
MC,1,152,mayank
MC,1,224,mayank
MC,1,3336,mayank
MC,1,168,mayank
MC,1,512,mayank
MC,1,128,mayank
MC,1,336,mayank
MC,1,160,mayank
MC,1,136,mayank
MC,1,0,mayank
MC,1,200,mayank
MC,1,408,mayank
MC,1,136,mayank
MC,1,152,mayank
MC,1,104,mayank
MC,1,176,mayank
MC,1,352,mayank
MC,1,304,mayank
MC,1,360,mayank
MC,1,160,mayank
MC,1,128,mayank
MC,1,208,mayank
MC,1,416,mayank
MC,1,176,mayank
MC,1,256,mayank
MC,1,353,mayank
MC,1,831,mayank
MC,1,304,mayank
MC,1,0,mayank
MC,1,184,mayank
MC,1,136,mayank
MC,1,112,mayank
MC,1,483,mayank
MC,1,152,mayank
MC,1,368,mayank
MC,1,232,mayank
MC,1,208,mayank
MC,1,154,mayank
MC,1,752,mayank
MC,1,184,mayank
MC,1,416,mayank
MC,1,192,mayank
MC,1,128,mayank
MC,1,112,mayank
MC,1,289,mayank
MC,1,280,mayank
MC,1,168,mayank
MC,1,160,mayank
MC,1,584,mayank
MC,2,176,mayank
MC,3,408,mayank
MC,1,120,mayank
MC,1,104,mayank
MC,1,120,mayank
MC,1,128,mayank
MC,1,560,mayank
MC,1,160,mayank
MC,1,160,mayank
MC,1,15361,mayank
MC,1,4744,mayank
MC,1,112,mayank
MC,1,168,mayank
MC,1,682,mayank
MC,1,103,mayank
MC,1,153,mayank
MC,1,504,mayank
MC,1,104,mayank
MC,1,608,mayank
MC,1,96,mayank
MC,1,489,mayank
MC,1,200,mayank
MC,1,424,mayank
MC,1,304,mayank
MC,1,472,mayank
MC,1,192,mayank
MC,1,136,mayank
MC,1,215,mayank
MC,1,705,mayank
MC,1,0,mayank
MC,1,193,mayank
MC,1,209,mayank
MC,1,528,mayank
MC,1,113,mayank
MC,1,416,mayank
MC,1,104,mayank
MC,1,112,mayank
MC,1,120,mayank
MC,1,160,mayank
MC,1,120,mayank
MC,1,272,mayank
MC,1,329,mayank
MC,1,128,mayank
MC,1,160,mayank
MC,1,104,mayank
MC,1,128,mayank
MC,1,152,mayank
MC,1,328,mayank
MC,1,192,mayank
MC,1,328,mayank
MC,1,112,mayank
MC,1,298,mayank
MC,1,317,mayank
MC,1,135,mayank
MC,1,366,mayank
MC,1,153,mayank
MC,1,360,mayank
MC,2,160,mayank
MC,3,136,mayank
MC,1,128,mayank
MC,1,392,mayank
MC,1,113,mayank
MC,1,408,mayank
MC,1,216,mayank
MC,1,120,mayank
MC,1,120,mayank
MC,1,168,mayank
MC,1,1.61E+12,mayank
MC,1,0,mayank
MC,1,176,mayank
MC,1,184,mayank
MC,1,120,mayank
MC,1,212,mayank
MC,1,304,mayank
MC,1,325,mayank
MC,1,176,mayank
MC,1,137,mayank
MC,1,112,mayank
MC,1,223,mayank
MC,1,160,mayank
MC,1,704,mayank
MC,1,138,mayank
MC,1,400,mayank
MC,1,720,mayank
MC,1,161,mayank
MC,1,208,mayank
MC,1,152,mayank
MC,1,276,mayank
MC,1,421,mayank
MC,1,120,mayank
MC,1,108,mayank
MC,1,104,mayank
MC,1,176,mayank
MC,1,136,mayank
MC,1,677,mayank
MC,1,360,mayank
MC,1,1,mayank
MC,1,224,mayank
MC,1,207,mayank
MC,1,96,mayank
MC,1,97,mayank
MC,1,341,mayank
MC,1,248,mayank
MC,1,529,mayank
MC,1,176,mayank
MC,1,176,mayank
MC,1,96,mayank
MC,1,509,mayank
MC,1,192,mayank
MC,1,144,mayank
MC,1,144,mayank
MC,1,160,mayank
MC,1,669,mayank
MC,1,344,mayank
MC,1,211,mayank
MC,1,296,mayank
MC,1,0,mayank
MC,1,187,mayank
MC,1,584,mayank
MC,1,150,mayank
MC,1,143,mayank
MC,1,188,mayank
MC,1,120,mayank
MC,1,232,mayank
MC,1,421,mayank
MC,1,432,mayank
MC,1,160,mayank
MC,1,319,mayank
MC,1,192,mayank
MC,2,176,mayank
MC,1,152,mayank
MC,1,0,mayank
MC,1,0,mayank
MC,1,1422,mayank
MC,1,17451,mayank
MC,1,2,mayank
MC,1,1303,mayank
MC,1,182,mayank
MC,1,150,mayank
MC,1,167,mayank
MC,1,161,mayank
MC,1,187,mayank
MC,1,192,mayank
MC,1,137,mayank
MC,1,152,mayank
MC,1,0,mayank
MC,1,135,mayank
MC,2,176,mayank
MC,1,247,mayank
MC,1,161,mayank
MC,1,135,mayank
MC,1,160,mayank
MC,1,359,mayank
MC,1,144,mayank
MC,1,521,mayank
MC,1,338,mayank
MC,1,112,mayank
MC,1,128,mayank
MC,1,134,mayank
MC,1,327,mayank
MC,1,128,mayank
MC,1,168,mayank
MC,1,105,mayank
MC,1,143,mayank
MC,1,144,mayank
MC,1,95,mayank
MC,1,397,mayank
MC,1,231,mayank
MC,1,144,mayank
MC,1,103,mayank
MC,1,199,mayank
MC,1,167,mayank
MC,1,0,mayank
MC,1,169,mayank
MC,1,207,mayank
MC,1,176,mayank
MC,1,232,mayank
MC,1,156,mayank
MC,1,337,mayank
MC,1,120,mayank
MC,1,554,mayank
MC,1,146,mayank
MC,1,168,mayank
MC,1,272,mayank
MC,1,111,mayank
MC,1,543,mayank
MC,1,464,mayank
MC,1,202,mayank
MC,1,224,mayank
MC,1,184,mayank
MC,1,446,mayank
MC,1,128,mayank
MC,1,591,mayank
MC,1,672,mayank
MC,1,206,mayank
MC,1,624,mayank
MC,1,7347,mayank
MC,1,120,mayank
MC,1,508,mayank
MC,1,126,mayank
MC,1,184,mayank
MC,1,169,mayank
MC,1,176,mayank
MC,1,120,mayank
MC,1,423,mayank
MC,1,200,mayank
MC,1,276,mayank
MC,1,1,mayank
MC,1,128,mayank
MC,1,120,mayank
MC,1,111,mayank
MC,1,130,mayank
MC,1,136,mayank
MC,1,303,mayank
MC,1,313,mayank
MC,1,310,mayank
MC,1,215,mayank
MC,1,168,mayank
MC,1,178,mayank
MC,1,471,mayank
MC,1,286,mayank
MC,1,127,mayank
MC,1,88,mayank
MC,1,439,mayank
MC,2,129,mayank
MC,1,536,mayank
MC,1,343,mayank
MC,1,159,mayank
MC,1,203,mayank
MC,1,344,mayank
MC,1,128,mayank
MC,1,136,mayank
MC,1,352,mayank
MC,1,175,mayank
MC,1,0,mayank
MC,1,536,mayank
MC,1,152,mayank
MC,1,95,mayank
MC,1,182,mayank
MC,1,127,mayank
MC,1,304,mayank
MC,1,296,mayank
MC,1,200,mayank
MC,1,96,mayank
MC,1,152,mayank
MC,1,712,mayank
MC,2,168,mayank
MC,3,320,mayank
MC,1,232,mayank
MC,1,128,mayank
MC,1,146,mayank
MC,1,576,mayank
MC,1,7759,sayan
MC,1,465,sayan
MC,1,327,sayan
MC,1,568,sayan
MC,1,201,sayan
MC,1,303,sayan
MC,1,376,sayan
MC,1,264,sayan
MC,1,216,sayan
MC,1,0,sayan
MC,1,361,sayan
MC,1,264,sayan
MC,1,166,sayan
MC,1,1367,sayan
MC,1,279,sayan
MC,1,303,sayan
MC,1,215,sayan
MC,1,95,sayan
MC,2,72,sayan
MC,1,167,sayan
MC,1,385,sayan
MC,1,273,sayan
MC,1,343,sayan
MC,1,230,sayan
MC,1,167,sayan
MC,2,105,sayan
MC,1,344,sayan
MC,1,166,sayan
MC,1,224,sayan
MC,1,225,sayan
MC,1,645,sayan
MC,1,1159,sayan
MC,2,105,sayan
MC,1,255,sayan
MC,1,263,sayan
MC,1,464,sayan
MC,1,216,sayan
MC,1,337,sayan
MC,1,216,sayan
MC,1,504,sayan
MC,1,288,sayan
MC,1,513,sayan
MC,1,184,sayan
MC,1,1120,sayan
MC,1,256,sayan
MC,1,327,sayan
MC,1,246,sayan
MC,1,698,sayan
MC,1,239,sayan
MC,1,175,sayan
MC,1,278,sayan
MC,1,238,sayan
MC,1,984,sayan
MC,1,335,sayan
MC,1,177,sayan
MC,1,159,sayan
MC,1,361,sayan
MC,1,686,sayan
MC,1,217,sayan
MC,1,167,sayan
MC,1,295,sayan
MC,1,639,sayan
MC,1,688,sayan
MC,1,158,sayan
MC,1,200,sayan
MC,1,551,sayan
MC,1,430,sayan
MC,1,158,sayan
MC,1,544,sayan
MC,1,265,sayan
MC,2,183,sayan
MC,1,204,sayan
MC,1,351,sayan
MC,1,0,sayan
MC,1,609,sayan
MC,1,10655,sayan
MC,1,392,sayan
MC,1,261,sayan
MC,1,160,sayan
MC,1,167,sayan
MC,1,391,sayan
MC,1,232,sayan
MC,1,265,sayan
MC,1,200,sayan
MC,1,248,sayan
MC,1,281,sayan
MC,1,142,sayan
MC,1,625,sayan
MC,1,257,sayan
MC,1,279,sayan
MC,1,232,sayan
MC,1,264,sayan
MC,1,857,sayan
MC,1,384,sayan
MC,1,1023,sayan
MC,1,399,sayan
MC,1,161,sayan
MC,1,152,sayan
MC,1,369,sayan
MC,1,1197,sayan
MC,1,592,sayan
MC,1,225,sayan
MC,1,272,sayan
MC,1,209,sayan
MC,1,416,sayan
MC,1,159,sayan
MC,2,208,sayan
MC,1,184,sayan
MC,1,369,sayan
MC,1,328,sayan
MC,1,272,sayan
MC,1,527,sayan
MC,1,192,sayan
MC,1,376,sayan
MC,1,457,sayan
MC,1,272,sayan
MC,1,135,sayan
MC,1,272,sayan
MC,1,240,sayan
MC,1,647,sayan
MC,1,393,sayan
MC,1,448,sayan
MC,1,224,sayan
MC,1,455,sayan
MC,1,432,sayan
MC,1,457,sayan
MC,1,262,sayan
MC,1,199,sayan
MC,1,367,sayan
MC,1,313,sayan
MC,1,199,sayan
MC,1,248,sayan
MC,1,385,sayan
MC,1,215,sayan
MC,1,0,sayan
MC,1,1268,sayan
MC,1,548,sayan
MC,1,232,sayan
MC,1,320,sayan
MC,1,463,sayan
MC,1,392,sayan
MC,1,160,sayan
MC,1,231,sayan
MC,1,400,sayan
MC,1,2190,sayan
MC,1,328,sayan
MC,1,224,sayan
MC,1,288,sayan
MC,1,232,sayan
MC,1,359,sayan
MC,1,639,sayan
MC,1,153,sayan
MC,2,208,sayan
MC,1,198,sayan
MC,1,231,sayan
MC,1,368,sayan
MC,1,232,sayan
MC,1,309,sayan
MC,1,1032,sayan
MC,1,247,sayan
MC,1,519,sayan
MC,1,217,sayan
MC,1,239,sayan
MC,1,231,sayan
MC,1,176,sayan
MC,1,160,sayan
MC,1,376,sayan
MC,1,448,sayan
MC,1,248,sayan
MC,1,225,sayan
MC,1,193,sayan
MC,1,375,sayan
MC,1,279,sayan
MC,1,224,sayan
MC,1,193,sayan
MC,1,287,sayan
MC,1,281,sayan
MC,1,217,sayan
MC,1,775,sayan
MC,1,0,sayan
MC,1,233,sayan
MC,1,136,sayan
MC,1,152,sayan
MC,1,191,sayan
MC,1,568,sayan
MC,1,0,sayan
MC,1,257,sayan
MC,1,465,sayan
MC,1,273,sayan
MC,1,192,sayan
MC,1,223,sayan
MC,1,265,sayan
MC,1,839,sayan
MC,1,704,sayan
MC,1,225,sayan
MC,1,416,sayan
MC,1,137,sayan
MC,1,1081,sayan
MC,1,184,sayan
MC,1,409,sayan
MC,1,920,sayan
MC,1,392,sayan
MC,1,240,sayan
MC,1,423,sayan
MC,1,10423,sayan
MC,1,270,sayan
MC,1,183,sayan
MC,1,512,sayan
MC,1,216,sayan
MC,1,225,sayan
MC,1,513,sayan
MC,1,223,sayan
MC,1,160,sayan
MC,1,151,sayan
MC,1,487,sayan
MC,1,191,sayan
MC,1,279,sayan
MC,1,424,sayan
MC,1,199,sayan
MC,1,192,sayan
MC,1,160,sayan
MC,1,192,sayan
MC,1,240,sayan
MC,1,264,sayan
MC,1,168,sayan
MC,1,192,sayan
MC,1,159,sayan
MC,1,615,sayan
MC,1,240,sayan
MC,1,201,sayan
MC,1,168,sayan
MC,1,151,sayan
MC,1,271,sayan
MC,1,336,sayan
MC,1,392,sayan
MC,1,648,sayan
MC,1,280,sayan
MC,1,278,sayan
MC,1,329,sayan
MC,1,182,sayan
MC,1,168,sayan
MC,1,424,sayan
MC,1,167,sayan
MC,1,230,sayan
MC,1,223,sayan
MC,1,175,sayan
MC,1,1119,sayan
MC,1,273,sayan
MC,1,326,sayan
MC,1,232,sayan
MC,1,431,sayan
MC,1,625,sayan
MC,1,287,sayan
MC,1,257,sayan
MC,1,456,sayan
MC,1,584,sayan
MC,1,192,sayan
MC,1,423,sayan
MC,1,512,sayan
MC,1,192,sayan
MC,1,272,sayan
MC,1,168,sayan
MC,1,169,sayan
MC,1,256,sayan
MC,1,728,sayan
MC,1,246,sayan
MC,1,488,sayan
MC,1,231,sayan
MC,1,383,sayan
MC,1,265,sayan
MC,1,159,sayan
MC,1,16551,sayan
MC,1,352,sayan
MC,1,320,sayan
MC,1,616,sayan
MC,1,192,sayan
MC,1,223,sayan
MC,1,201,sayan
MC,1,161,sayan
MC,1,183,sayan
MC,1,287,sayan
MC,1,151,sayan
MC,1,121,sayan
MC,1,199,sayan
MC,1,249,sayan
MC,1,256,sayan
MC,1,631,sayan
MC,1,256,sayan
MC,1,464,sayan
MC,1,312,sayan
MC,1,233,sayan
MC,1,648,sayan
MC,1,336,sayan
MC,1,129,sayan
MC,1,240,sayan
MC,1,127,sayan
MC,1,813,sayan
MC,1,240,sayan
MC,1,152,sayan
MC,1,904,sayan
MC,1,192,sayan
MC,1,215,sayan
MC,1,152,sayan
MC,1,175,sayan
MC,1,376,sayan
MC,1,311,sayan
MC,1,239,sayan
MC,1,287,sayan
MC,1,247,sayan
MC,1,184,sayan
MC,1,199,sayan
MC,1,263,sayan
MC,1,120,sayan
MC,1,104,sayan
MC,1,272,sayan
MC,1,200,sayan
MC,1,311,sayan
MC,1,136,sayan
MC,1,489,sayan
MC,1,344,sayan
MC,1,329,sayan
MC,1,368,sayan
MC,1,1039,sayan
MC,1,208,sayan
MC,1,224,sayan
MC,1,216,sayan
MC,1,191,sayan
MC,1,318,sayan
MC,1,353,sayan
MC,1,399,sayan
MC,2,193,sayan
MC,1,217,sayan
MC,1,117,sayan
MC,1,328,sayan
MC,1,136,sayan
MC,1,231,sayan
MC,1,415,sayan
MC,1,255,sayan
MC,1,497,sayan
MC,1,200,sayan
MC,1,217,sayan
MC,1,217,sayan
MC,1,248,sayan
MC,1,184,sayan
MC,1,0,sayan
MC,1,3527,sayan
MC,1,1184,sayan
MC,1,296,sayan
MC,1,600,sayan
MC,1,289,sayan
MC,1,207,sayan
MC,1,190,sayan
MC,1,257,sayan
MC,1,208,sayan
MC,1,1231,sayan
MC,1,1081,sayan
MC,1,1063,sayan
MC,1,205,sayan
MC,1,265,sayan
MC,1,232,sayan
MC,1,232,sayan
MC,1,422,sayan
MC,1,186,sayan
MC,1,799,sayan
MC,1,263,sayan
MC,1,304,sayan
MC,1,215,sayan
MC,1,256,sayan
MC,1,585,sayan
MC,1,237,sayan
MC,1,198,sayan
MC,1,145,sayan
MC,1,217,sayan
MC,2,199,sayan
MC,1,354,sayan
MC,1,178,sayan
MC,1,431,sayan
MC,1,152,sayan
MC,1,337,sayan
MC,1,247,sayan
MC,1,321,sayan
MC,1,232,sayan
MC,1,465,sayan
MC,1,919,sayan
MC,1,151,sayan
MC,1,198,sayan
MC,1,240,sayan
MC,1,288,sayan
MC,1,271,sayan
MC,1,232,sayan
MC,1,448,sayan
MC,1,222,sayan
MC,1,225,sayan
MC,1,143,sayan
MC,1,256,sayan
MC,1,232,sayan
MC,1,433,sayan
MC,1,192,sayan
MC,1,231,sayan
MC,1,345,sayan
MC,1,249,sayan
MC,1,536,sayan
MC,1,696,sayan
MC,1,289,sayan
MC,1,224,sayan
MC,1,408,sayan
MC,1,185,sayan
MC,1,1248,sayan
MC,1,313,sayan
MC,1,280,sayan
MC,1,568,sayan
MC,1,152,sayan
MC,1,151,sayan
MC,1,247,sayan
MC,1,191,sayan
MC,1,256,sayan
MC,1,231,sayan
MC,1,182,sayan
MC,1,167,sayan
MC,1,272,sayan
MC,1,160,sayan
MC,1,190,sayan
MC,1,321,sayan
MC,1,231,sayan
MC,1,360,sayan
MC,1,208,sayan
MC,1,440,sayan
MC,1,136,sayan
MC,1,217,sayan
MC,1,224,sayan
MC,1,207,sayan
MC,1,633,sayan
MC,1,368,sayan
MC,1,151,sayan
MC,1,824,sayan
MC,1,247,sayan
MC,1,225,sayan
MC,1,296,sayan
MC,1,233,sayan
MC,1,464,sayan
MC,1,272,sayan
MC,1,241,sayan
MC,1,358,sayan
MC,1,352,sayan
MC,1,241,sayan
MC,1,272,sayan
MC,1,231,sayan
MC,1,222,sayan
MC,1,207,sayan
MC,1,183,sayan
MC,1,415,sayan
MC,1,352,sayan
MC,1,249,sayan
MC,1,831,sayan
MC,1,296,sayan
MC,1,528,sayan
MC,1,191,sayan
MC,1,528,sayan
MC,1,254,sayan
MC,1,232,sayan
MC,1,223,sayan
MC,1,128,sayan
MC,1,344,sayan
MC,1,560,sayan
MC,1,671,sayan
MC,2,192,sayan
MC,1,128,sayan
MC,1,320,sayan
MC,1,176,sayan
MC,1,232,sayan
MC,1,248,sayan
MC,1,608,sayan
MC,1,368,sayan
MC,1,719,sayan
MC,1,248,sayan
MC,1,375,sayan
MC,1,136,sayan
MC,1,280,sayan
MC,1,424,sayan
MC,1,312,sayan
MC,1,360,sayan
MC,1,336,sayan
MC,1,351,sayan
MC,1,75191,sayan
MC,1,216,sayan
MC,1,352,sayan
MC,1,360,sayan
MC,1,272,sayan
MC,1,624,sayan
MC,1,359,sayan
MC,1,431,sayan
MC,1,255,sayan
MC,1,304,sayan
MC,1,192,sayan
MC,1,343,sayan
MC,1,279,sayan
MC,1,504,sayan
MC,1,145,sayan
MC,1,416,sayan
MC,1,256,sayan
MC,1,288,sayan
MC,1,192,sayan
MC,1,337,sayan
MC,1,248,sayan
MC,1,288,sayan
MC,1,224,sayan
MC,1,328,sayan
MC,1,144,sayan
MC,1,248,sayan
MC,1,448,sayan
MC,1,752,sayan
MC,1,337,sayan
MC,1,552,sayan
MC,1,272,sayan
MC,1,238,sayan
MC,1,1120,sayan
MC,1,352,sayan
MC,1,217,sayan
MC,1,215,sayan
MC,1,288,sayan
MC,1,145,sayan
MC,1,257,sayan
MC,1,672,sayan
MC,1,182,sayan
MC,1,232,sayan
MC,1,112,sayan
MC,1,392,sayan
MC,1,224,sayan
MC,1,274,sayan
MC,1,216,sayan
MC,1,240,sayan
MC,1,440,sayan
MC,1,536,sayan
MC,1,408,sayan
MC,1,225,sayan
MC,1,271,sayan
MC,1,273,sayan
MC,1,209,sayan
MC,1,166,sayan
MC,1,248,sayan
MC,1,167,sayan
MC,1,1,sayan
MC,1,1207,sayan
MC,1,224,sayan
MC,1,337,sayan
MC,2,199,sayan
MC,1,192,sayan
MC,1,263,sayan
MC,1,183,sayan
MC,1,248,sayan
MC,1,592,sayan
MC,1,233,sayan
MC,1,351,sayan
MC,1,664,sayan
MC,2,200,sayan
MC,1,208,sayan
MC,1,737,sayan
MC,1,256,sayan
MC,1,223,sayan
MC,1,568,sayan
MC,1,240,sayan
MC,1,328,sayan
MC,2,184,sayan
MC,1,152,sayan
MC,1,207,sayan
MC,1,295,sayan
MC,1,496,sayan
MC,1,168,sayan
MC,1,529,sayan
MC,1,200,sayan
MC,1,168,sayan
MC,1,600,sayan
MC,1,191,sayan
MC,1,351,sayan
MC,1,168,sayan
MC,1,353,sayan
MC,1,344,sayan
MC,1,232,sayan
MC,1,239,sayan
MC,1,207,sayan
MC,1,344,sayan
MC,1,216,sayan
MC,1,656,sayan
MC,1,137,sayan
MC,1,216,sayan
MC,1,439,sayan
MC,1,368,sayan
MC,1,255,sayan
MC,1,168,sayan
MC,1,224,sayan
MC,1,247,sayan
MC,1,197,sayan
MC,1,446,sayan
MC,1,168,sayan
MC,1,185,sayan
MC,1,368,sayan
MC,1,13504,sayan
MC,1,320,sayan
MC,1,271,sayan
MC,1,921,sayan
MC,1,193,sayan
MC,1,208,sayan
MC,1,200,sayan
MC,1,288,sayan
MC,1,216,sayan
MC,1,576,sayan
MC,1,305,sayan
MC,1,783,sayan
MC,1,1184,sayan
MC,1,552,sayan
MC,1,184,sayan
MC,1,272,sayan
MC,1,473,sayan
MC,1,239,sayan
MC,1,256,sayan
MC,1,239,sayan
MC,1,222,sayan
MC,1,185,sayan
MC,1,209,sayan
MC,1,208,sayan
MC,1,712,sayan
MC,1,216,sayan
MC,1,225,sayan
MC,2,175,sayan
MC,1,200,sayan
MC,1,207,sayan
MC,1,321,sayan
MC,1,800,sayan
MC,1,160,sayan
MC,1,248,sayan
MC,1,287,sayan
MC,1,152,sayan
MC,1,368,sayan
MC,1,256,sayan
MC,1,296,sayan
MC,1,409,sayan
MC,1,496,sayan
MC,1,568,sayan
MC,1,425,sayan
MC,1,263,sayan
MC,2,48,sayan
MC,1,520,sayan
MC,1,136,sayan
MC,1,840,sayan
MC,1,201,sayan
MC,1,409,sayan
MC,1,136,sayan
MC,1,182,sayan
MC,1,288,sayan
MC,1,689,sayan
MC,1,663,sayan
MC,1,264,sayan
MC,1,353,sayan
MC,1,202,sayan
MC,1,344,sayan
MC,1,279,sayan
MC,1,233,sayan
MC,1,297,sayan
MC,1,256,sayan
MC,2,48,sayan
MC,1,1103,sayan
MC,1,248,sayan
MC,1,799,sayan
MC,1,232,sayan
MC,1,184,sayan
MC,1,368,sayan
MC,1,16049,sayan
MC,1,3720,sayan
MC,1,304,sayan
MC,1,248,sayan
MC,1,1392,sayan
MC,1,961,sayan
MC,1,153,sayan
MC,1,-32,sayan
MC,1,177,sayan
MC,1,0,sayan
MC,1,361,sayan
MC,1,305,sayan
MC,1,593,sayan
MC,1,239,sayan
MC,1,320,sayan
MC,1,224,sayan
MC,1,255,sayan
MC,1,263,sayan
MC,1,304,sayan
MC,1,320,sayan
MC,1,377,sayan
MC,1,328,sayan
MC,1,297,sayan
MC,1,265,sayan
MC,1,824,sayan
MC,1,312,sayan
MC,1,215,sayan
MC,1,312,sayan
MC,1,328,sayan
MC,1,601,sayan
MC,1,895,sayan
MC,2,104,sayan
MC,1,279,sayan
MC,1,521,sayan
MC,1,240,sayan
MC,1,231,sayan
MC,1,296,sayan
MC,1,152,sayan
MC,1,233,sayan
MC,1,344,sayan
MC,1,0,sayan
MC,1,185,sayan
MC,1,184,sayan
MC,1,249,sayan
MC,1,272,sayan
MC,1,247,sayan
MC,1,601,sayan
MC,1,209,sayan
MC,1,209,sayan
MC,1,392,sayan
MC,1,497,sayan
MC,1,503,sayan
MC,1,305,sayan
MC,1,335,sayan
MC,1,401,sayan
MC,1,856,sayan
MC,1,208,sayan
MC,1,416,sayan
MC,1,617,sayan
MC,1,255,sayan
MC,1,209,sayan
MC,1,240,sayan
MC,1,240,sayan
MC,2,40,sayan
MC,1,257,sayan
MC,1,217,sayan
MC,1,768,sayan
MC,1,416,sayan
MC,2,64,sayan
MC,1,159,sayan
MC,1,145,sayan
MC,1,607,sayan
MC,1,313,sayan
MC,1,448,sayan
MC,1,215,sayan
MC,2,56,sayan
MC,1,175,sayan
MC,1,344,sayan
MC,1,320,sayan
MC,1,14376,sayan
MC,1,272,sayan
MC,1,457,sayan
MC,1,416,sayan
MC,1,184,sayan
MC,1,896,sayan
MC,1,183,sayan
MC,1,592,sayan
MC,1,224,sayan
MC,1,256,sayan
MC,1,480,sayan
MC,1,144,sayan
MC,1,280,sayan
MC,1,169,sayan
MC,1,0,sayan
MC,1,735,sayan
MC,1,256,sayan
MC,2,208,sayan
MC,1,432,sayan
MC,1,440,sayan
MC,1,143,sayan
MC,1,384,sayan
MC,1,423,sayan
MC,1,296,sayan
MC,1,249,sayan
MC,1,432,sayan
MC,1,248,sayan
MC,1,256,sayan
MC,1,185,sayan
MC,1,632,sayan
MC,1,263,sayan
MC,1,545,sayan
MC,1,216,sayan
MC,1,287,sayan
MC,1,448,sayan
MC,1,231,sayan
MC,1,368,sayan
MC,1,463,sayan
MC,1,271,sayan
MC,1,600,sayan
MC,1,224,sayan
MC,1,504,sayan
MC,1,257,sayan
MC,1,321,sayan
MC,1,224,sayan
MC,1,271,sayan
MC,1,256,sayan
MC,1,455,sayan
MC,1,225,sayan
MC,1,216,sayan
MC,1,1489,sayan
MC,1,799,sayan
MC,2,240,sayan
MC,1,792,sayan
MC,1,311,sayan
MC,1,552,sayan
MC,1,215,sayan
MC,1,271,sayan
MC,1,432,sayan
MC,1,879,sayan
MC,1,591,sayan
MC,1,184,sayan
MC,1,664,sayan
MC,1,304,sayan
MC,1,208,sayan
MC,1,183,sayan
MC,1,239,sayan
MC,1,647,sayan
MC,1,401,sayan
MC,1,560,sayan
MC,1,1056,sayan
MC,1,328,sayan
MC,1,297,sayan
MC,1,379,tejas
MC,1,7452,tejas
MC,1,391,tejas
MC,1,743,tejas
MC,1,410,tejas
MC,1,1065,tejas
MC,1,341,tejas
MC,1,370,tejas
MC,1,373,tejas
MC,1,1239,tejas
MC,1,411,tejas
MC,1,341,tejas
MC,1,380,tejas
MC,1,400,tejas
MC,1,581,tejas
MC,1,551,tejas
MC,1,341,tejas
MC,1,1087,tejas
MC,1,652,tejas
MC,1,383,tejas
MC,1,552,tejas
MC,1,370,tejas
MC,1,1288,tejas
MC,1,371,tejas
MC,1,440,tejas
MC,1,1,tejas
MC,1,380,tejas
MC,1,351,tejas
MC,1,381,tejas
MC,1,421,tejas
MC,1,362,tejas
MC,1,351,tejas
MC,1,362,tejas
MC,1,369,tejas
MC,1,601,tejas
MC,1,340,tejas
MC,1,361,tejas
MC,1,430,tejas
MC,1,390,tejas
MC,1,391,tejas
MC,1,661,tejas
MC,1,341,tejas
MC,1,400,tejas
MC,1,712,tejas
MC,1,391,tejas
MC,1,674,tejas
MC,1,392,tejas
MC,1,410,tejas
MC,1,401,tejas
MC,1,360,tejas
MC,1,361,tejas
MC,1,551,tejas
MC,1,420,tejas
MC,1,451,tejas
MC,1,41330,tejas
MC,1,561,tejas
MC,1,1156,tejas
MC,1,501,tejas
MC,1,379,tejas
MC,1,935,tejas
MC,1,391,tejas
MC,1,662,tejas
MC,1,1059,tejas
MC,1,1050,tejas
MC,1,421,tejas
MC,1,371,tejas
MC,1,914,tejas
MC,1,1008,tejas
MC,1,391,tejas
MC,1,361,tejas
MC,1,763,tejas
MC,1,400,tejas
MC,1,1015,tejas
MC,1,411,tejas
MC,1,713,tejas
MC,1,470,tejas
MC,1,401,tejas
MC,1,381,tejas
MC,1,663,tejas
MC,1,420,tejas
MC,1,340,tejas
MC,1,1116,tejas
MC,1,360,tejas
MC,1,651,tejas
MC,1,430,tejas
MC,1,360,tejas
MC,1,370,tejas
MC,1,360,tejas
MC,1,360,tejas
MC,1,371,tejas
MC,1,360,tejas
MC,1,370,tejas
MC,1,362,tejas
MC,1,754,tejas
MC,1,400,tejas
MC,1,390,tejas
MC,1,359,tejas
MC,1,895,tejas
MC,1,381,tejas
MC,1,350,tejas
MC,1,380,tejas
MC,1,362,tejas
MC,1,351,tejas
MC,1,352,tejas
MC,1,390,tejas
MC,1,1329,tejas
MC,1,1409,tejas
MC,1,362,tejas
MC,1,854,tejas
MC,1,341,tejas
MC,1,764,tejas
MC,1,361,tejas
MC,1,1339,tejas
MC,1,390,tejas
MC,1,371,tejas
MC,1,440,tejas
MC,1,51295,tejas
MC,1,872,tejas
MC,1,351,tejas
MC,1,362,tejas
MC,1,1367,tejas
MC,1,381,tejas
MC,1,400,tejas
MC,1,2214,tejas
MC,1,420,tejas
MC,1,1316,tejas
MC,1,369,tejas
MC,1,403,tejas
MC,1,360,tejas
MC,1,342,tejas
MC,1,1407,tejas
MC,1,391,tejas
MC,1,370,tejas
MC,1,522,tejas
MC,1,380,tejas
MC,1,392,tejas
MC,1,323,tejas
MC,2,0,tejas
MC,1,410,tejas
MC,1,622,tejas
MC,1,391,tejas
MC,1,865,tejas
MC,1,382,tejas
MC,1,371,tejas
MC,1,361,tejas
MC,1,380,tejas
MC,1,671,tejas
MC,1,692,tejas
MC,1,411,tejas
MC,1,997,tejas
MC,1,371,tejas
MC,1,2204,tejas
MC,1,410,tejas
MC,1,842,tejas
MC,1,450,tejas
MC,1,380,tejas
MC,1,0,tejas
MC,1,471,tejas
MC,1,380,tejas
MC,1,1013,tejas
MC,1,371,tejas
MC,1,552,tejas
MC,1,390,tejas
MC,1,381,tejas
MC,1,835,tejas
MC,1,370,tejas
MC,1,884,tejas
MC,1,401,tejas
MC,1,351,tejas
MC,1,351,tejas
MC,1,1509,tejas
MC,1,342,tejas
MC,1,824,tejas
MC,1,360,tejas
MC,1,381,tejas
MC,1,2144,tejas
MC,2,0,tejas
MC,1,975,tejas
MC,1,1562,tejas
MC,1,604,tejas
MC,1,1320,tejas
MC,1,926,tejas
MC,1,350,tejas
MC,1,683,tejas
MC,1,361,tejas
MC,1,351,tejas
MC,1,925,tejas
MC,1,399,tejas
MC,1,1530,tejas
MC,1,966,tejas
MC,1,411,tejas
MC,1,381,tejas
MC,1,381,tejas
MC,1,834,tejas
MC,1,382,tejas
MC,1,985,tejas
MC,1,1049,tejas
MC,1,372,tejas
MC,1,774,tejas
MC,1,1378,tejas
MC,1,373,tejas
MC,1,420,tejas
MC,1,362,tejas
MC,1,1257,tejas
MC,1,381,tejas
MC,1,411,tejas
MC,1,379,tejas
MC,1,421,tejas
MC,1,936,tejas
MC,1,0,tejas
MC,1,25843,tejas
MC,1,370,tejas
MC,1,342,tejas
MC,1,1215,tejas
MC,1,421,tejas
MC,1,461,tejas
MC,1,592,tejas
MC,1,1267,tejas
MC,1,450,tejas
MC,1,350,tejas
MC,1,1260,tejas
MC,1,400,tejas
MC,1,974,tejas
MC,1,370,tejas
MC,1,370,tejas
MC,1,370,tejas
MC,1,352,tejas
MC,1,371,tejas
MC,1,390,tejas
MC,1,390,tejas
MC,1,541,tejas
MC,1,3276,tejas
MC,1,381,tejas
MC,1,370,tejas
MC,1,389,tejas
MC,1,601,tejas
MC,1,388,tejas
MC,1,352,tejas
MC,1,421,tejas
MC,1,399,tejas
MC,1,412,tejas
MC,1,360,tejas
MC,1,379,tejas
MC,1,612,tejas
MC,1,360,tejas
MC,1,410,tejas
MC,1,342,tejas
MC,1,462,tejas
MC,1,399,tejas
MC,1,361,tejas
MC,1,401,tejas
MC,1,391,tejas
MC,1,400,tejas
MC,1,460,tejas
MC,1,722,tejas
MC,1,460,tejas
MC,1,390,tejas
MC,1,371,tejas
MC,1,642,tejas
MC,1,959,tejas
MC,1,371,tejas
MC,1,351,tejas
MC,1,937,tejas
MC,1,1625,tejas
MC,1,381,tejas
MC,1,1045,tejas
MC,1,938,tejas
MC,1,381,tejas
MC,1,522,tejas
MC,1,390,tejas
MC,1,370,tejas
MC,1,400,tejas
MC,1,1277,tejas
MC,1,390,tejas
MC,1,1408,tejas
MC,1,361,tejas
MC,1,382,tejas
MC,1,370,tejas
MC,1,0,tejas
MC,1,27618,tejas
MC,1,360,tejas
MC,1,362,tejas
MC,1,1248,tejas
MC,1,390,tejas
MC,1,373,tejas
MC,1,388,tejas
MC,1,761,tejas
MC,1,391,tejas
MC,1,377,tejas
MC,1,401,tejas
MC,1,1044,tejas
MC,1,350,tejas
MC,1,381,tejas
MC,1,362,tejas
MC,1,370,tejas
MC,1,380,tejas
MC,1,401,tejas
MC,1,379,tejas
MC,1,378,tejas
MC,1,362,tejas
MC,1,358,tejas
MC,1,370,tejas
MC,1,369,tejas
MC,1,702,tejas
MC,1,369,tejas
MC,1,370,tejas
MC,1,400,tejas
MC,1,419,tejas
MC,1,382,tejas
MC,1,379,tejas
MC,1,419,tejas
MC,1,1509,tejas
MC,1,371,tejas
MC,1,382,tejas
MC,1,380,tejas
MC,1,370,tejas
MC,1,378,tejas
MC,1,389,tejas
MC,1,397,tejas
MC,1,370,tejas
MC,1,379,tejas
MC,1,1401,tejas
MC,1,333,tejas
MC,1,631,tejas
MC,1,1634,tejas
MC,1,372,tejas
MC,1,743,tejas
MC,1,898,tejas
MC,1,389,tejas
MC,1,511,tejas
MC,1,361,tejas
MC,1,363,tejas
MC,1,379,tejas
MC,1,602,tejas
MC,1,1201,tejas
MC,1,382,tejas
MC,1,450,tejas
MC,1,1117,tejas
MC,1,919,tejas
MC,1,381,tejas
MC,1,541,tejas
MC,1,888,tejas
MC,1,369,tejas
MC,1,350,tejas
MC,1,471,tejas
MC,1,370,tejas
MC,1,743,tejas
MC,1,1107,tejas
MC,1,371,tejas
MC,1,965,tejas
MC,1,350,tejas
MC,1,390,tejas
MC,1,420,tejas
MC,1,30330,tejas
MC,1,370,tejas
MC,1,816,tejas
MC,1,401,tejas
MC,1,382,tejas
MC,1,372,tejas
MC,1,804,tejas
MC,1,372,tejas
MC,1,453,tejas
MC,1,371,tejas
MC,1,1672,tejas
MC,1,2933,tejas
MC,1,400,tejas
MC,1,351,tejas
MC,1,362,tejas
MC,1,0,tejas
MC,1,353,tejas
MC,1,362,tejas
MC,1,412,tejas
MC,1,513,tejas
MC,1,381,tejas
MC,1,391,tejas
MC,1,323,tejas
MC,1,362,tejas
MC,1,391,tejas
MC,1,1058,tejas
MC,1,352,tejas
MC,1,352,tejas
MC,1,381,tejas
MC,1,370,tejas
MC,1,402,tejas
MC,1,381,tejas
MC,1,372,tejas
MC,1,1923,tejas
MC,1,1339,tejas
MC,1,372,tejas
MC,1,361,tejas
MC,1,371,tejas
MC,1,362,tejas
MC,1,412,tejas
MC,1,472,tejas
MC,1,391,tejas
MC,1,361,tejas
MC,1,350,tejas
MC,1,362,tejas
MC,1,774,tejas
MC,1,391,tejas
MC,1,382,tejas
MC,1,394,tejas
MC,1,1521,tejas
MC,1,644,tejas
MC,1,1261,tejas
MC,1,402,tejas
MC,1,1005,tejas
MC,1,1138,tejas
MC,1,1269,tejas
MC,1,411,tejas
MC,1,1904,tejas
MC,1,886,tejas
MC,1,1088,tejas
MC,1,371,tejas
MC,1,1419,tejas
MC,1,361,tejas
MC,1,391,tejas
MC,1,391,tejas
MC,1,371,tejas
MC,1,1398,tejas
MC,1,1662,tejas
MC,1,351,tejas
MC,1,363,tejas
MC,1,372,tejas
MC,1,763,tejas
MC,1,369,tejas
MC,1,379,tejas
MC,1,354,tejas
MC,1,370,tejas
MC,1,420,tejas
MC,1,1036,tejas
MC,1,369,tejas
MC,1,399,tejas
MC,1,361,tejas
MC,1,380,tejas
MC,1,500,tejas
MC,1,1026,tejas
MC,1,380,tejas
MC,1,371,tejas
MC,1,400,tejas
MC,1,371,tejas
MC,1,371,tejas
MC,1,582,tejas
MC,1,392,tejas
MC,1,382,tejas
MC,1,389,tejas
MC,1,382,tejas
MC,1,360,tejas
MC,1,751,tejas
MC,1,1060,tejas
MC,1,362,tejas
MC,1,391,tejas
MC,1,369,tejas
MC,1,362,tejas
MC,1,363,tejas
MC,1,351,tejas
MC,1,735,tejas
MC,1,352,tejas
MC,1,924,tejas
MC,1,370,tejas
MC,1,370,tejas
MC,1,481,tejas
MC,1,389,tejas
MC,1,370,tejas
MC,1,693,tejas
MC,1,381,tejas
MC,1,381,tejas
MC,1,353,tejas
MC,1,372,tejas
MC,1,824,tejas
MC,1,383,tejas
MC,1,362,tejas
MC,1,360,tejas
MC,1,572,tejas
MC,1,409,tejas
MC,1,369,tejas
MC,1,362,tejas
MC,1,333,tejas
MC,1,894,tejas
MC,1,370,tejas
MC,1,374,tejas
MC,1,369,tejas
MC,1,390,tejas
MC,1,390,tejas
MC,1,783,tejas
MC,1,402,tejas
MC,1,302,tejas
MC,1,359,tejas
MC,1,430,tejas
MC,1,24269,tejas
MC,1,217,tejas
MC,1,1398,tejas
MC,1,381,tejas
MC,1,389,tejas
MC,1,694,tejas
MC,1,343,tejas
MC,1,1893,tejas
MC,1,582,tejas
MC,1,907,tejas
MC,1,1231,tejas
MC,1,573,tejas
MC,1,361,tejas
MC,1,673,tejas
MC,1,581,tejas
MC,1,1220,tejas
MC,1,382,tejas
MC,1,313,tejas
MC,1,825,tejas
MC,1,399,tejas
MC,1,683,tejas
MC,1,326,tejas
MC,1,461,tejas
MC,1,352,tejas
MC,1,372,tejas
MC,1,351,tejas
MC,1,835,tejas
MC,1,412,tejas
MC,1,350,tejas
MC,1,694,tejas
MC,1,419,tejas
MC,1,613,tejas
MC,1,382,tejas
MC,1,389,tejas
MC,1,411,tejas
MC,1,381,tejas
MC,1,402,tejas
MC,1,1280,tejas
MC,1,362,tejas
MC,1,371,tejas
MC,1,401,tejas
MC,1,352,tejas
MC,1,782,tejas
MC,1,379,tejas
MC,1,372,tejas
MC,1,369,tejas
MC,1,562,tejas
MC,1,372,tejas
MC,1,421,tejas
MC,1,372,tejas
MC,1,833,tejas
MC,1,370,tejas
MC,1,339,tejas
MC,1,430,tejas
MC,1,1801,tejas
MC,1,1095,tejas
MC,1,520,tejas
MC,1,380,tejas
MC,1,894,tejas
MC,1,381,tejas
MC,1,2297,tejas
MC,1,683,tejas
MC,1,331,tejas
MC,1,856,tejas
MC,1,380,tejas
MC,1,389,tejas
MC,1,341,tejas
MC,1,688,love
MC,1,5299,love
MC,1,1408,love
MC,1,504,love
MC,1,933,love
MC,1,585,love
MC,1,445,love
MC,1,1040,love
MC,1,409,love
MC,1,828,love
MC,1,442,love
MC,1,404,love
MC,1,898,love
MC,1,613,love
MC,1,736,love
MC,1,420,love
MC,1,463,love
MC,1,858,love
MC,1,442,love
MC,1,522,love
MC,1,581,love
MC,1,409,love
MC,1,962,love
MC,1,1455,love
MC,1,542,love
MC,1,2885,love
MC,1,1060,love
MC,1,430,love
MC,1,547,love
MC,1,533,love
MC,1,793,love
MC,1,562,love
MC,1,521,love
MC,1,406,love
MC,1,381,love
MC,2,215,love
MC,1,1012,love
MC,2,215,love
MC,1,1261,love
MC,1,1042,love
MC,1,423,love
MC,1,434,love
MC,1,493,love
MC,1,739,love
MC,1,522,love
MC,1,423,love
MC,1,1750,love
MC,1,1648,love
MC,1,675,love
MC,1,1003,love
MC,1,530,love
MC,1,426,love
MC,1,876,love
MC,1,453,love
MC,1,1027,love
MC,1,1025,love
MC,1,421,love
MC,1,465,love
MC,1,980,love
MC,1,429,love
MC,1,417,love
MC,1,500,love
MC,1,497,love
MC,1,902,love
MC,1,1317,love
MC,1,501,love
MC,1,444,love
MC,1,444,love
MC,1,1056,love
MC,1,544,love
MC,1,555,love
MC,1,429,love
MC,1,422,love
MC,1,1312,love
MC,1,772,love
MC,1,488,love
MC,1,445,love
MC,1,422,love
MC,1,453,love
MC,1,2452,love
MC,1,469,love
MC,1,500,love
MC,1,453,love
MC,1,469,love
MC,1,516,love
MC,1,422,love
MC,1,422,love
MC,1,422,love
MC,1,547,love
MC,1,484,love
MC,1,687,love
MC,1,985,love
MC,1,500,love
MC,1,750,love
MC,1,1312,love
MC,1,578,love
MC,1,485,love
MC,1,844,love
MC,1,422,love
MC,1,1281,love
MC,1,500,love
MC,1,453,love
MC,1,1125,love
MC,1,563,love
MC,1,547,love
MC,1,422,love
MC,1,500,love
MC,1,875,love
MC,1,525,love
MC,1,422,love
MC,1,422,love
MC,1,812,love
MC,1,531,love
MC,1,812,love
MC,1,484,love
MC,1,922,love
MC,1,875,love
MC,1,500,love
MC,1,484,love
MC,1,516,love
MC,1,453,love
MC,1,531,love
MC,1,437,love
MC,1,547,love
MC,1,453,love
MC,1,516,love
MC,1,531,love
MC,1,1031,love
MC,1,1016,love
MC,1,453,love
MC,1,515,love
MC,1,665,love
MC,1,437,love
MC,1,593,love
MC,1,1094,love
MC,1,515,love
MC,1,469,love
MC,1,453,love
MC,1,485,love
MC,1,956,love
MC,1,407,love
MC,1,553,love
MC,1,425,love
MC,1,563,love
MC,1,410,love
MC,1,460,love
MC,1,524,love
MC,1,455,love
MC,1,427,love
MC,1,1031,love
MC,1,497,love
MC,1,1162,love
MC,1,1122,love
MC,1,476,love
MC,1,504,love
MC,1,827,love
MC,1,467,love
MC,1,1135,love
MC,1,554,love
MC,1,425,love
MC,1,942,love
MC,1,504,love
MC,1,567,love
MC,1,418,love
MC,1,484,love
MC,1,713,love
MC,1,469,love
MC,1,415,love
MC,1,542,love
MC,1,944,love
MC,1,458,love
MC,1,824,love
MC,1,428,love
MC,1,961,love
MC,1,514,love
MC,1,458,love
MC,1,527,love
MC,1,408,love
MC,1,549,love
MC,1,445,love
MC,1,671,love
MC,1,426,love
MC,1,598,love
MC,1,555,love
MC,1,1016,love
MC,1,906,love
MC,1,1164,love
MC,1,455,love
MC,1,638,love
MC,1,435,love
MC,1,491,love
MC,1,890,love
MC,1,506,love
MC,1,424,love
MC,1,505,love
MC,1,539,love
MC,1,422,love
MC,1,3470,love
MC,1,9826,love
MC,1,600,love
MC,1,420,love
MC,1,542,love
MC,1,424,love
MC,1,624,love
MC,1,412,love
MC,1,827,love
MC,1,428,love
MC,1,594,love
MC,1,539,love
MC,1,405,love
MC,1,633,love
MC,1,468,love
MC,1,451,love
MC,1,419,love
MC,1,1198,love
MC,1,494,love
MC,1,1146,love
MC,1,419,love
MC,1,417,love
MC,1,418,love
MC,1,418,love
MC,1,539,love
MC,1,434,love
MC,1,1046,love
MC,1,445,love
MC,1,427,love
MC,1,495,love
MC,1,554,love
MC,1,413,love
MC,1,420,love
MC,1,534,love
MC,1,409,love
MC,1,427,love
MC,1,454,love
MC,1,758,love
MC,1,431,love
MC,1,433,love
MC,1,505,love
MC,1,493,love
MC,1,833,love
MC,1,573,love
MC,1,849,love
MC,1,418,love
MC,1,555,love
MC,1,487,love
MC,1,515,love
MC,1,966,love
MC,1,1982,love
MC,1,405,love
MC,1,1392,love
MC,1,457,love
MC,1,924,love
MC,1,420,love
MC,1,886,love
MC,1,1058,love
MC,1,625,love
MC,1,503,love
MC,1,422,love
MC,1,4474,love
MC,1,428,love
MC,1,1260,love
MC,1,476,love
MC,1,474,love
MC,1,484,love
MC,1,417,love
MC,1,447,love
MC,1,943,love
MC,1,436,love
MC,1,769,love
MC,1,485,love
MC,1,522,love
MC,1,864,love
MC,1,504,love
MC,1,595,love
MC,1,589,love
MC,1,439,love
MC,1,431,love
MC,1,671,love
MC,1,436,love
MC,1,1334,love
MC,1,1087,love
MC,1,529,love
MC,1,502,love
MC,1,449,love
MC,1,785,love
MC,1,416,love
MC,1,594,love
MC,1,440,love
MC,1,491,love
MC,1,811,love
MC,1,658,love
MC,1,1507,love
MC,1,993,love
MC,1,437,love
MC,1,531,love
MC,1,578,love
MC,1,983,love
MC,1,539,love
MC,1,483,love
MC,1,856,love
MC,1,726,love
MC,1,406,love
MC,1,999,love
MC,1,422,love
MC,1,814,love
MC,1,901,love
MC,1,426,love
MC,1,650,love
MC,1,723,love
MC,1,521,love
MC,1,468,love
MC,1,453,love
MC,1,449,love
MC,1,827,love
MC,1,1065,love
MC,1,496,love
MC,1,463,love
MC,1,1291,love
MC,1,1009,love
MC,1,611,love
MC,1,595,love
MC,1,427,love
MC,1,514,love
MC,1,0,love
MC,1,537,love
MC,1,504,love
MC,1,1067,love
MC,1,438,love
MC,1,1317,love
MC,1,430,love
MC,1,468,love
MC,1,8175,love
MC,1,444,love
MC,1,465,love
MC,1,1188,love
MC,1,601,love
MC,1,464,love
MC,1,494,love
MC,1,1188,love
MC,1,504,love
MC,1,1461,love
MC,1,425,love
MC,1,758,love
MC,1,1225,love
MC,1,632,love
MC,1,450,love
MC,1,913,love
MC,1,618,love
MC,1,684,love
MC,1,658,love
MC,1,447,love
MC,1,455,love
MC,1,481,love
MC,1,424,love
MC,1,750,love
MC,1,431,love
MC,1,502,love
MC,1,756,love
MC,1,436,love
MC,1,567,love
MC,1,509,love
MC,1,1059,love
MC,1,0,love
MC,1,659,love
MC,1,479,love
MC,1,513,love
MC,1,644,love
MC,1,553,love
MC,1,433,love
MC,1,515,love
MC,1,424,love
MC,1,797,love
MC,1,826,love
MC,1,582,love
MC,1,542,love
MC,1,853,love
MC,1,504,love
MC,1,629,love
MC,1,522,love
MC,1,614,love
MC,1,612,love
MC,1,1125,love
MC,1,1103,love
MC,1,422,love
MC,1,531,love
MC,1,715,love
MC,1,406,love
MC,1,429,love
MC,1,507,love
MC,1,519,love
MC,1,409,love
MC,1,995,love
MC,1,447,love
MC,1,543,love
MC,1,407,love
MC,1,2735,love
MC,1,25110,love
MC,1,449,love
MC,1,414,love
MC,1,926,love
MC,1,427,love
MC,1,858,love
MC,1,636,love
MC,1,968,love
MC,1,454,love
MC,1,1756,love
MC,1,591,love
MC,1,421,love
MC,1,483,love
MC,1,572,love
MC,1,425,love
MC,1,503,love
MC,1,551,love
MC,1,896,love
MC,1,437,love
MC,1,437,love
MC,1,416,love
MC,1,544,love
MC,1,899,love
MC,1,480,love
MC,1,603,love
MC,1,515,love
MC,1,464,love
MC,1,446,love
MC,1,553,love
MC,1,500,love
MC,1,545,love
MC,1,438,love
MC,1,1355,love
MC,1,418,love
MC,1,1029,love
MC,1,421,love
MC,1,727,love
MC,1,1564,love
MC,1,415,love
MC,1,775,love
MC,1,418,love
MC,1,486,love
MC,1,468,love
MC,1,466,love
MC,1,408,love
MC,1,417,love
MC,1,922,love
MC,1,541,love
MC,1,875,love
MC,1,501,love
MC,1,598,love
MC,1,925,love
MC,1,474,love
MC,1,476,love
MC,1,467,love
MC,1,414,love
MC,1,858,love
MC,1,500,love
MC,1,463,love
MC,1,840,love
MC,1,832,love
MC,1,412,love
MC,1,511,love
MC,1,415,love
MC,1,590,love
MC,1,524,love
MC,1,762,love
MC,1,473,love
MC,1,482,love
MC,1,422,love
MC,1,404,love
MC,1,1028,love
MC,1,514,love
MC,1,470,love
MC,1,538,love
MC,1,518,love
MC,1,550,love
MC,1,603,love
MC,1,444,love
MC,1,531,love
MC,1,6108,love
MC,1,406,love
MC,1,1553,love
MC,1,412,love
MC,1,428,love
MC,1,512,love
MC,1,686,love
MC,1,417,love
MC,1,433,love
MC,1,506,love
MC,1,484,love
MC,1,533,love
MC,1,608,love
MC,1,487,love
MC,1,568,love
MC,1,1152,love
MC,1,467,love
MC,1,859,love
MC,1,1454,love
MC,1,612,love
MC,1,483,love
MC,1,502,love
MC,1,536,love
MC,1,418,love
MC,1,509,love
MC,1,461,love
MC,1,684,love
MC,1,446,love
MC,1,1398,love
MC,1,482,love
MC,1,442,love
MC,1,463,love
MC,1,488,love
MC,1,603,love
MC,1,409,love
MC,1,469,love
MC,1,461,love
MC,1,430,love
MC,1,450,love
MC,1,439,love
MC,1,684,love
MC,1,571,love
MC,1,758,love
MC,1,548,love
MC,1,1435,love
MC,1,503,love
MC,1,953,love
MC,1,972,love
MC,1,440,love
MC,1,618,love
MC,1,659,love
MC,1,496,love
MC,1,846,love
MC,1,1044,love
MC,1,447,love
MC,1,414,love
MC,1,501,love
MC,1,428,love
MC,1,414,love
MC,1,602,love
MC,1,616,love
MC,1,542,love
MC,1,459,love
MC,1,419,love
MC,1,405,love
MC,1,1922,love
MC,1,430,love
MC,1,446,love
MC,1,569,love
MC,1,595,love
MC,1,417,love
MC,1,818,love
MC,1,594,love
MC,1,417,love
MC,1,638,love
MC,1,419,love
MC,1,541,love
MC,1,926,love
MC,1,710,love
MC,1,553,love
MC,1,434,love
MC,1,513,love
MC,1,510,love
MC,1,422,love
MC,1,741,love
MC,1,415,love
MC,1,423,love
MC,1,416,love
MC,1,428,love
MC,1,501,love
MC,1,1057,love
MC,1,2105,love
MC,1,504,love
MC,1,595,love
MC,1,469,love
MC,1,611,love
MC,1,416,love
MC,1,416,love
MC,1,750,love
MC,1,489,love
MC,1,1009,love
MC,1,470,love
MC,1,427,love
MC,1,513,love
MC,1,453,love
MC,1,433,love
MC,1,1193,love
MC,1,429,love
MC,1,430,love
MC,1,566,love
MC,1,418,love
MC,1,1059,love
MC,1,573,love
MC,1,539,love
MC,1,665,love
MC,1,858,love
MC,1,454,love
MC,1,511,love
MC,1,492,love
MC,1,490,love
MC,1,845,love
MC,1,429,love
MC,1,511,love
MC,1,417,love
MC,1,914,love
MC,1,511,love
MC,1,520,love
MC,1,838,love
MC,1,435,love
MC,1,674,love
MC,1,461,love
MC,1,489,love
MC,1,2693,love
MC,1,404,love
MC,1,2229,love
MC,1,427,love
MC,1,494,love
MC,1,1062,love
MC,1,542,love
MC,1,424,love
MC,1,590,love
MC,1,476,love
MC,1,425,love
MC,1,459,love
MC,1,520,love
MC,1,528,love
MC,1,464,love
MC,1,492,love
MC,1,424,love
MC,1,420,love
MC,1,523,love
MC,1,438,love
MC,1,1640,love
MC,1,981,love
MC,1,466,love
MC,1,720,love
MC,1,569,love
MC,1,915,love
MC,1,418,love
MC,1,551,love
MC,1,549,love
MC,1,472,love
MC,1,870,love
MC,1,478,love
MC,1,509,love
MC,1,916,love
MC,1,550,love
MC,1,420,love
MC,1,630,love
MC,1,427,love
MC,1,809,love
MC,1,530,love
MC,1,447,love
MC,1,778,love
MC,1,514,love
MC,1,440,love
MC,1,542,love
MC,1,445,love
MC,1,429,love
MC,1,496,love
MC,1,507,love
MC,1,509,love
MC,1,766,love
MC,1,551,love
MC,1,1309,love
MC,1,428,love
MC,1,984,love
MC,1,567,love
MC,1,1710,love
MC,1,570,love
MC,1,434,love
MC,1,421,love
MC,1,432,love
MC,1,658,love
MC,1,796,love
MC,1,1076,love
MC,1,706,love
MC,1,435,love
MC,1,580,love
MC,1,461,love
MC,1,439,love
MC,1,502,love
MC,1,1020,love
MC,1,430,love
MC,1,1500,love
MC,1,447,love
MC,1,523,love
MC,1,434,love
MC,1,531,love
MC,1,465,love
MC,1,454,love
MC,1,429,love
MC,1,1223,love
MC,1,513,love
MC,1,446,love
MC,1,1380,love
MC,1,536,love
MC,1,545,love
MC,1,1118,love
MC,1,1316,love
MC,1,618,love
MC,1,438,love
MC,1,433,love
MC,1,1362,love
MC,1,446,love
MC,1,443,love
MC,1,444,love
MC,1,444,love
MC,1,435,love
MC,1,447,love
MC,1,445,love
MC,1,581,love
MC,1,533,love
MC,1,501,love
MC,1,503,love
MC,1,469,love
MC,1,1118,love
MC,1,596,love
MC,1,456,love
MC,1,545,love
MC,1,761,love
MC,1,597,love
MC,1,549,love
MC,1,988,love
MC,1,496,love
MC,1,541,love
MC,1,512,love
MC,1,812,love
MC,1,442,love
MC,1,543,love
MC,1,423,love
MC,1,470,love
MC,1,432,love
MC,1,451,love
MC,1,825,love
MC,1,449,love
MC,1,564,love
MC,1,463,love
MC,1,813,love
MC,1,1530,love
MC,1,500,love
MC,1,462,love
MC,1,807,love
MC,1,1319,love
MC,1,497,love
MC,1,730,love
MC,1,1349,love
MC,1,473,love
MC,1,447,love
MC,1,459,love
MC,1,471,love
MC,1,540,love
MC,1,1054,love
MC,1,448,love
MC,1,912,love
MC,1,433,love
MC,1,445,love
MC,1,467,love
MC,1,423,love
MC,1,438,love
MC,1,1492,love
MC,1,453,love
MC,1,445,love
MC,1,516,love
MC,1,415,love
MC,1,482,love
MC,1,534,love
MC,1,555,love
MC,1,513,love
MC,1,436,love
MC,1,508,love
MC,1,431,love
MC,1,1000,love
MC,2,254,love
MC,1,540,love
MC,1,806,love
MC,1,1017,love
MC,1,1235,love
MC,1,542,love
MC,1,445,love
MC,1,425,love
MC,1,534,love
MC,1,450,love
MC,1,475,love
MC,1,491,love
MC,1,421,love
MC,1,505,love
MC,1,434,love
MC,1,435,love
MC,1,414,love
MC,1,419,love
MC,1,496,love
MC,1,450,love
MC,1,449,love
MC,1,562,love
MC,1,467,love
MC,1,416,love
MC,1,441,love
MC,1,567,love
MC,1,433,love
MC,1,556,love
MC,1,1222,love
MC,1,1306,love
MC,1,557,love
MC,1,508,love
MC,1,514,love
MC,1,549,love
MC,1,433,love
MC,1,590,love
MC,1,596,love
MC,1,467,love
MC,1,581,love
MC,1,488,love
MC,1,452,love
MC,1,2133,love
MC,1,420,love
MC,1,473,love
MC,1,541,love
MC,1,471,love
MC,1,437,love
MC,1,454,love
MC,1,513,love
MC,1,924,love
MC,1,433,love
MC,1,502,love
MC,1,704,love
MC,1,439,love
MC,1,510,love
MC,1,433,love
MC,1,503,love
MC,1,563,love
MC,1,443,love
MC,1,444,love
MC,1,476,love
MC,1,514,love
MC,1,446,love
MC,1,826,love
MC,1,488,love
MC,1,677,love
MC,1,437,love
MC,1,734,love
MC,1,444,love
MC,1,446,love
MC,1,452,love
MC,1,491,love
MC,1,509,love
MC,1,559,love
MC,1,881,love
MC,1,498,love
MC,1,435,love
MC,1,437,love
MC,1,485,love
MC,1,794,love
MC,1,426,love
MC,1,1443,love
MC,1,535,love
MC,1,748,love
MC,1,462,love
MC,1,549,love
MC,1,789,love
MC,1,1471,love
MC,1,526,love
MC,1,637,love
MC,1,452,love
MC,1,1011,love
MC,1,560,love
MC,1,1209,love
MC,1,1613,love
MC,1,646,love
MC,1,582,love
MC,1,435,nishant
MC,1,427,nishant
MC,1,1257,nishant
MC,1,367,nishant
MC,1,381,nishant
MC,1,1019,nishant
MC,1,382,nishant
MC,1,749,nishant
MC,1,456,nishant
MC,1,778,nishant
MC,1,362,nishant
MC,1,708,nishant
MC,1,489,nishant
MC,1,672,nishant
MC,1,376,nishant
MC,1,383,nishant
MC,1,433,nishant
MC,1,370,nishant
MC,1,383,nishant
MC,1,348,nishant
MC,1,884,nishant
MC,1,397,nishant
MC,1,383,nishant
MC,1,375,nishant
MC,1,355,nishant
MC,1,1103,nishant
MC,1,363,nishant
MC,1,357,nishant
MC,1,377,nishant
MC,1,447,nishant
MC,1,391,nishant
MC,1,405,nishant
MC,1,391,nishant
MC,1,369,nishant
MC,1,419,nishant
MC,1,377,nishant
MC,1,659,nishant
MC,1,385,nishant
MC,1,678,nishant
MC,1,356,nishant
MC,1,419,nishant
MC,1,363,nishant
MC,1,397,nishant
MC,1,417,nishant
MC,1,376,nishant
MC,1,707,nishant
MC,1,638,nishant
MC,1,996,nishant
MC,1,356,nishant
MC,1,369,nishant
MC,1,567,nishant
MC,1,420,nishant
MC,1,445,nishant
MC,1,383,nishant
MC,1,419,nishant
MC,1,835,nishant
MC,1,448,nishant
MC,1,418,nishant
MC,1,826,nishant
MC,1,670,nishant
MC,1,460,nishant
MC,1,440,nishant
MC,1,382,nishant
MC,1,425,nishant
MC,1,376,nishant
MC,1,665,nishant
MC,1,574,nishant
MC,1,412,nishant
MC,1,1,nishant
MC,1,396,nishant
MC,1,553,nishant
MC,1,927,nishant
MC,1,384,nishant
MC,1,371,nishant
MC,1,403,nishant
MC,1,370,nishant
MC,1,412,nishant
MC,1,340,nishant
MC,1,375,nishant
MC,1,450,nishant
MC,1,1578,nishant
MC,1,419,nishant
MC,1,362,nishant
MC,1,455,nishant
MC,1,1115,nishant
MC,1,839,nishant
MC,1,384,nishant
MC,1,1100,nishant
MC,1,413,nishant
MC,1,517,nishant
MC,1,0,nishant
MC,1,376,nishant
MC,1,496,nishant
MC,1,517,nishant
MC,1,397,nishant
MC,1,0,nishant
MC,1,368,nishant
MC,1,609,nishant
MC,1,405,nishant
MC,1,439,nishant
MC,1,652,nishant
MC,1,375,nishant
MC,1,360,nishant
MC,1,369,nishant
MC,1,398,nishant
MC,1,404,nishant
MC,1,631,nishant
MC,1,459,nishant
MC,1,1053,nishant
MC,1,390,nishant
MC,1,657,nishant
MC,1,376,nishant
MC,1,377,nishant
MC,1,812,nishant
MC,1,827,nishant
MC,1,1207,nishant
MC,1,448,nishant
MC,1,376,nishant
MC,1,362,nishant
MC,1,370,nishant
MC,1,382,nishant
MC,1,475,nishant
MC,1,743,nishant
MC,1,901,nishant
MC,1,539,nishant
MC,1,482,nishant
MC,1,425,nishant
MC,1,412,nishant
MC,1,390,nishant
MC,1,862,nishant
MC,1,383,nishant
MC,1,947,nishant
MC,1,376,nishant
MC,1,692,nishant
MC,1,668,nishant
MC,1,417,nishant
MC,1,749,nishant
MC,1,383,nishant
MC,1,535,nishant
MC,1,1183,nishant
MC,1,354,nishant
MC,1,358,nishant
MC,1,443,nishant
MC,1,361,nishant
MC,1,463,nishant
MC,1,396,nishant
MC,1,448,nishant
MC,1,388,nishant
MC,1,409,nishant
MC,1,475,nishant
MC,1,683,nishant
MC,1,471,nishant
MC,1,410,nishant
MC,1,1055,nishant
MC,1,843,nishant
MC,1,399,nishant
MC,1,380,nishant
MC,1,695,nishant
MC,1,444,nishant
MC,1,881,nishant
MC,1,374,nishant
MC,1,414,nishant
MC,1,1003,nishant
MC,1,409,nishant
MC,1,473,nishant
MC,1,529,nishant
MC,1,370,nishant
MC,1,759,nishant
MC,1,463,nishant
MC,1,496,nishant
MC,1,414,nishant
MC,1,699,nishant
MC,1,319,nishant
MC,1,387,nishant
MC,1,386,nishant
MC,1,980,nishant
MC,1,441,nishant
MC,1,496,nishant
MC,1,378,nishant
MC,1,499,nishant
MC,1,439,nishant
MC,1,375,nishant
MC,1,495,nishant
MC,1,479,nishant
MC,1,447,nishant
MC,1,440,nishant
MC,1,917,nishant
MC,1,901,nishant
MC,1,429,nishant
MC,1,449,nishant
MC,1,414,nishant
MC,1,624,nishant
MC,1,374,nishant
MC,1,980,nishant
MC,1,404,nishant
MC,1,372,nishant
MC,1,383,nishant
MC,1,400,nishant
MC,1,474,nishant
MC,1,17491,nishant
MC,1,377,nishant
MC,1,465,nishant
MC,2,214,nishant
MC,1,1129,nishant
MC,1,461,nishant
MC,1,375,nishant
MC,1,330,nishant
MC,1,473,nishant
MC,1,352,nishant
MC,2,214,nishant
MC,1,510,nishant
MC,1,481,nishant
MC,1,389,nishant
MC,1,376,nishant
MC,1,785,nishant
MC,1,426,nishant
MC,1,842,nishant
MC,1,724,nishant
MC,2,211,nishant
MC,1,397,nishant
MC,1,524,nishant
MC,1,482,nishant
MC,1,440,nishant
MC,1,763,nishant
MC,1,432,nishant
MC,1,429,nishant
MC,2,215,nishant
MC,1,418,nishant
MC,1,425,nishant
MC,1,411,nishant
MC,1,749,nishant
MC,1,417,nishant
MC,1,919,nishant
MC,1,403,nishant
MC,1,376,nishant
MC,1,906,nishant
MC,1,383,nishant
MC,1,446,nishant
MC,1,461,nishant
MC,1,439,nishant
MC,1,659,nishant
MC,1,418,nishant
MC,1,382,nishant
MC,1,389,nishant
MC,1,630,nishant
MC,1,524,nishant
MC,1,714,nishant
MC,1,412,nishant
MC,1,417,nishant
MC,1,412,nishant
MC,1,946,nishant
MC,1,661,nishant
MC,1,468,nishant
MC,1,418,nishant
MC,1,392,nishant
MC,1,412,nishant
MC,1,379,nishant
MC,1,975,nishant
MC,1,0,nishant
MC,1,412,nishant
MC,1,391,nishant
MC,1,436,nishant
MC,1,22530,nishant
MC,1,418,nishant
MC,1,382,nishant
MC,1,398,nishant
MC,1,496,nishant
MC,1,410,nishant
MC,1,357,nishant
MC,1,411,nishant
MC,1,391,nishant
MC,1,377,nishant
MC,1,404,nishant
MC,1,369,nishant
MC,1,1058,nishant
MC,1,523,nishant
MC,1,397,nishant
MC,1,476,nishant
MC,1,1003,nishant
MC,1,852,nishant
MC,1,397,nishant
MC,1,423,nishant
MC,1,426,nishant
MC,1,868,nishant
MC,1,377,nishant
MC,1,469,nishant
MC,1,361,nishant
MC,1,383,nishant
MC,1,404,nishant
MC,1,591,nishant
MC,1,425,nishant
MC,1,868,nishant
MC,1,419,nishant
MC,1,390,nishant
MC,1,693,nishant
MC,1,503,nishant
MC,1,390,nishant
MC,1,369,nishant
MC,1,679,nishant
MC,1,453,nishant
MC,1,391,nishant
MC,1,370,nishant
MC,1,448,nishant
MC,1,672,nishant
MC,1,383,nishant
MC,1,810,nishant
MC,1,0,nishant
MC,1,397,nishant
MC,1,945,nishant
MC,1,803,nishant
MC,1,880,nishant
MC,1,425,nishant
MC,1,432,nishant
MC,1,397,nishant
MC,1,433,nishant
MC,1,377,nishant
MC,1,483,nishant
MC,1,354,nishant
MC,1,412,nishant
MC,1,621,nishant
MC,1,391,nishant
MC,1,362,nishant
MC,1,421,nishant
MC,1,608,nishant
MC,1,900,nishant
MC,1,391,nishant
MC,1,997,nishant
MC,1,383,nishant
MC,1,468,nishant
MC,1,390,nishant
MC,1,396,nishant
MC,1,2433,nishant
MC,1,6008,nishant
MC,1,6007,nishant
MC,1,10816,nishant
MC,1,397,nishant
MC,1,581,nishant
MC,1,389,nishant
MC,1,369,nishant
MC,1,657,nishant
MC,1,361,nishant
MC,1,508,nishant
MC,1,369,nishant
MC,1,797,nishant
MC,1,760,nishant
MC,1,363,nishant
MC,1,553,nishant
MC,1,404,nishant
MC,1,369,nishant
MC,1,418,nishant
MC,1,602,nishant
MC,1,439,nishant
MC,1,937,nishant
MC,1,580,nishant
MC,1,417,nishant
MC,1,352,nishant
MC,1,439,nishant
MC,1,354,nishant
MC,1,713,nishant
MC,1,858,nishant
MC,1,360,nishant
MC,1,368,nishant
MC,1,354,nishant
MC,1,390,nishant
MC,1,586,nishant
MC,1,376,nishant
MC,1,933,nishant
MC,1,391,nishant
MC,1,447,nishant
MC,1,371,nishant
MC,1,395,nishant
MC,1,946,nishant
MC,1,501,nishant
MC,1,426,nishant
MC,1,404,nishant
MC,1,1062,nishant
MC,1,921,nishant
MC,1,661,nishant
MC,1,341,nishant
MC,1,390,nishant
MC,1,353,nishant
MC,1,348,nishant
MC,1,586,nishant
MC,1,1230,nishant
MC,1,348,nishant
MC,1,26829,nishant
MC,1,369,nishant
MC,1,384,nishant
MC,1,363,nishant
MC,1,370,nishant
MC,1,720,nishant
MC,1,406,nishant
MC,1,426,nishant
MC,1,384,nishant
MC,1,447,nishant
MC,1,393,nishant
MC,1,361,nishant
MC,1,609,nishant
MC,1,398,nishant
MC,1,745,nishant
MC,1,800,nishant
MC,1,369,nishant
MC,1,370,nishant
MC,1,384,nishant
MC,1,362,nishant
MC,1,405,nishant
MC,1,348,nishant
MC,1,377,nishant
MC,1,378,nishant
MC,1,377,nishant
MC,1,363,nishant
MC,1,364,nishant
MC,1,574,nishant
MC,1,377,nishant
MC,1,384,nishant
MC,1,455,nishant
MC,1,368,nishant
MC,1,362,nishant
MC,1,0,nishant
MC,1,405,nishant
MC,1,369,nishant
MC,1,374,nishant
MC,1,384,nishant
MC,1,441,nishant
MC,1,354,nishant
MC,1,765,nishant
MC,1,796,nishant
MC,1,391,nishant
MC,1,378,nishant
MC,1,462,nishant
MC,1,730,nishant
MC,1,375,nishant
MC,1,383,nishant
MC,1,370,nishant
MC,1,348,nishant
MC,1,336,nishant
MC,1,603,nishant
MC,1,399,nishant
MC,1,1366,nishant
MC,1,467,nishant
MC,1,1008,nishant
MC,1,434,nishant
MC,1,375,nishant
MC,1,403,nishant
MC,1,361,nishant
MC,1,382,nishant
MC,1,360,nishant
MC,1,390,nishant
MC,1,388,nishant
MC,1,397,nishant
MC,1,397,nishant
MC,1,907,nishant
MC,1,367,nishant
MC,1,1112,nishant
MC,1,1808,nishant
MC,1,362,nishant
MC,1,451,nishant
MC,1,424,nishant
MC,1,649,nishant
MC,1,445,nishant
MC,1,418,nishant
MC,1,670,nishant
MC,1,383,nishant
MC,1,520,nishant
MC,2,214,nishant
MC,1,368,nishant
MC,1,544,nishant
MC,1,509,nishant
MC,1,411,nishant
MC,1,0,nishant
MC,1,0,nishant
MC,1,377,nishant
MC,1,425,nishant
MC,1,383,nishant
MC,1,369,nishant
MC,1,532,nishant
MC,1,411,nishant
MC,1,390,nishant
MC,1,397,nishant
MC,1,376,nishant
MC,1,382,nishant
MC,1,649,nishant
MC,1,405,nishant
MC,1,1456,nishant
MC,1,1542,nishant
MC,1,836,nishant
MC,1,367,nishant
MC,1,404,nishant
MC,1,367,nishant
MC,1,523,nishant
MC,1,389,nishant
MC,1,402,nishant
MC,1,389,nishant
MC,1,368,nishant
MC,1,543,nishant
MC,1,389,nishant
MC,1,448,nishant
MC,1,383,nishant
MC,1,573,nishant
MC,1,419,nishant
MC,1,362,nishant
MC,1,515,nishant
MC,1,380,nishant
MC,1,917,nishant
MC,1,403,nishant
MC,1,464,nishant
MC,1,369,nishant
MC,1,390,nishant
MC,1,1012,nishant
MC,1,403,nishant
MC,1,519,nishant
MC,1,1170,nishant
MC,1,398,nishant
MC,1,363,nishant
MC,1,1116,nishant
MC,1,462,nishant
MC,1,439,nishant
MC,1,376,nishant
MC,1,361,nishant
MC,1,396,nishant
MC,1,799,nishant
MC,1,523,nishant
MC,1,405,nishant
MC,1,409,nishant
MC,1,369,nishant
MC,1,544,nishant
MC,1,721,nishant
MC,1,1133,nishant
MC,1,439,nishant
MC,1,419,nishant
MC,1,440,nishant
MC,1,376,nishant
MC,1,418,nishant
MC,1,398,nishant
MC,1,396,nishant
MC,1,411,nishant
MC,1,482,nishant
MC,1,897,nishant
MC,1,438,nishant
MC,1,368,nishant
MC,1,398,nishant
MC,1,834,nishant
MC,1,431,nishant
MC,1,459,nishant
MC,1,419,nishant
MC,1,396,nishant
MC,1,706,nishant
MC,1,453,nishant
MC,1,410,nishant
MC,1,391,nishant
MC,1,925,nishant
MC,1,411,nishant
MC,1,615,nishant
MC,1,1122,nishant
MC,1,425,nishant
MC,2,431,nishant
MC,1,670,nishant
MC,1,432,nishant
MC,1,368,nishant
MC,1,339,nishant
MC,1,987,nishant
MC,1,524,nishant
MC,1,503,nishant
MC,1,389,nishant
MC,1,475,nishant
MC,1,433,nishant
MC,1,622,nishant
MC,1,460,nishant
MC,1,686,nishant
MC,1,382,nishant
MC,1,1242,nishant
MC,1,433,nishant
MC,1,390,nishant
MC,1,917,nishant
MC,1,645,nishant
MC,1,397,nishant
MC,1,411,nishant
MC,1,425,nishant
MC,1,489,nishant
MC,1,618,nishant
MC,1,470,nishant
MC,1,714,nishant
MC,1,753,nishant
MC,1,396,nishant
MC,1,389,nishant
MC,1,376,nishant
MC,1,594,nishant
MC,1,384,nishant
MC,1,405,nishant
MC,1,426,nishant
MC,1,397,nishant
MC,1,923,nishant
MC,2,213,nishant
MC,1,1404,nishant
MC,1,893,nishant
MC,1,440,nishant
MC,1,466,nishant
MC,1,756,nishant
MC,1,383,nishant
MC,1,459,nishant
MC,1,762,nishant
MC,1,452,nishant
MC,1,431,nishant
MC,1,1072,nishant
MC,1,480,nishant
MC,1,800,nishant
MC,1,866,nishant
MC,1,396,nishant
MC,1,441,nishant
MC,1,770,nishant
MC,1,368,nishant
MC,1,397,nishant
MC,1,440,nishant
MC,1,411,nishant
MC,1,729,nishant
MC,1,858,nishant
MC,1,426,nishant
MC,1,615,nishant
MC,1,424,nishant
MC,1,998,nishant
MC,2,214,nishant
MC,3,425,nishant
MC,1,474,nishant
MC,1,419,nishant
MC,1,454,nishant
MC,1,392,nishant
MC,1,0,nishant
MC,1,760,nishant
MC,1,416,nishant
MC,1,490,nishant
MC,1,510,nishant
MC,1,397,nishant
MC,1,14839,nishant
MC,1,503,nishant
MC,1,1109,nishant
MC,1,397,nishant
MC,1,460,nishant
MC,1,526,nishant
MC,1,391,nishant
MC,1,404,nishant
MC,1,622,nishant
MC,1,1092,nishant
MC,1,657,nishant
MC,1,0,nishant
MC,1,411,nishant
MC,1,445,nishant
MC,1,444,nishant
MC,1,361,nishant
MC,1,614,nishant
MC,1,368,nishant
MC,1,677,nishant
MC,1,437,nishant
MC,1,334,nishant
MC,1,380,nishant
MC,1,397,nishant
MC,1,1260,nishant
MC,1,488,nishant
MC,1,420,nishant
MC,1,439,nishant
MC,1,516,nishant
MC,2,471,nishant
MC,1,488,nishant
MC,1,406,nishant
MC,1,644,nishant
MC,1,432,nishant
MC,1,452,nishant
MC,1,398,nishant
MC,1,389,nishant
MC,1,694,nishant
MC,1,1218,nishant
MC,1,431,nishant
MC,1,342,nishant
MC,1,398,nishant
MC,1,362,nishant
MC,1,409,nishant
MC,1,346,nishant
MC,1,719,nishant
MC,1,382,nishant
MC,1,0,nishant
MC,1,376,nishant
MC,1,488,nishant
MC,1,497,nishant
MC,1,398,nishant
MC,1,667,nishant
MC,2,214,nishant
MC,1,417,nishant
MC,1,412,nishant
MC,1,477,nishant
MC,1,460,nishant
MC,1,793,nishant
MC,1,962,nishant
MC,1,446,nishant
MC,1,382,nishant
MC,1,445,nishant
MC,1,1640,nishant
MC,1,982,nishant
MC,1,585,nishant
MC,1,396,nishant
MC,1,366,nishant
MC,1,382,nishant
MC,1,889,nishant
MC,1,439,nishant
MC,1,406,nishant
MC,1,403,nishant
MC,1,362,nishant
MC,1,397,nishant
MC,1,812,nishant
MC,1,376,nishant
MC,1,405,nishant
MC,1,405,nishant
MC,1,410,nishant
MC,1,0,nishant
MC,1,398,nishant
MC,1,711,nishant
MC,1,593,nishant
MC,1,531,nishant
MC,1,398,nishant
MC,1,531,nishant
MC,1,432,nishant
MC,1,754,nishant
MC,1,732,nishant
MC,1,441,nishant
MC,1,468,nishant
MC,1,474,nishant
MC,1,433,nishant
MC,1,362,nishant
MC,1,488,nishant
MC,1,576,nishant
MC,1,474,nishant
MC,1,692,nishant
MC,1,411,nishant
MC,1,460,nishant
MC,1,440,nishant
MC,1,418,nishant
MC,1,433,nishant
MC,1,685,nishant
MC,1,432,nishant
MC,1,368,nishant
MC,1,497,nishant
MC,1,425,nishant
MC,1,704,nishant
MC,1,0,nishant
MC,1,396,nishant
MC,1,412,nishant
MC,1,392,nishant
MC,1,615,nishant
MC,1,432,nishant
MC,1,354,nishant
MC,1,487,nishant
MC,1,460,nishant
MC,1,405,nishant
MC,1,701,nishant
MC,1,580,nishant
MC,1,404,nishant
MC,1,405,nishant
MC,1,1051,nishant
MC,1,417,nishant
MC,1,461,nishant
MC,1,820,nishant
MC,1,387,nishant
MC,2,424,nishant
MC,1,369,nishant
MC,1,423,nishant
