,button-id,relative time,label
MP,1,81,mayank
MP,1,144,mayank
MP,1,464,mayank
MP,1,184,mayank
MP,1,216,mayank
MP,1,124,mayank
MP,1,8481,mayank
MP,1,363,mayank
MP,1,80,mayank
MP,1,3023,mayank
MP,1,6618,mayank
MP,1,164,mayank
MP,1,183,mayank
MP,1,110,mayank
MP,1,93,mayank
MP,1,231,sayan
MP,1,2416,sayan
MP,1,288,sayan
MP,1,184,sayan
MP,1,248,sayan
MP,1,2132,sayan
MP,1,8194,sayan
MP,1,153,sayan
MP,1,152,sayan
MP,1,210,sayan
MP,1,725,tejas
MP,1,160,tejas
MP,1,3296,tejas
MP,1,996,tejas
MP,1,220,tejas
MP,1,554,love
MP,1,340,love
MP,1,323,nishant
MP,1,372,nishant
MP,1,323,nishant
MP,1,553,nishant
MP,1,365,nishant
MP,1,316,nishant
MP,1,610,nishant
MP,1,431,nishant
MP,1,0,nishant
MP,1,887,nishant
MP,1,325,nishant
MP,1,168,nishant
MP,1,329,nishant
MP,1,470,nishant
